phase,age_days,abs_mag_V,abs_mag_I,radius_rsun,teff_k,log_L
0,1065.37670562,0.492607480985,0.0524107372042,5.55274571963,6610.7654545,1.71146621275
0.00101537410657,1065.37708958,0.493603270794,0.0530628992618,5.55274486201,6609.42462897,1.71113539898
0.00208963814453,1065.37749582,0.494655575569,0.0537524794372,5.55273717403,6608.00967617,1.71078573402
0.0031639021831,1065.37790205,0.495706209207,0.0544413761236,5.55272251428,6606.5989717,1.71043654697
0.00423816622166,1065.37830829,0.496754765379,0.0551293170146,5.55270088312,6605.19303347,1.71008797401
0.00531243025963,1065.37871453,0.497800765444,0.0558157720933,5.55267228131,6603.79162039,1.70974021458
0.00638669429759,1065.37912076,0.498843811003,0.0565006059078,5.55263671032,6602.39577519,1.70939337763
0.00746095833615,1065.379527,0.499883746281,0.0571837911205,5.55259417621,6601.00600671,1.70904750101
0.00853522237472,1065.37993324,0.500920652959,0.0578653813987,5.55254469441,6599.62220115,1.70870255757
0.00960948641328,1065.38033947,0.501954782436,0.0585455443486,5.55248829128,6598.24402808,1.70835846325
0.0106837504506,1065.38074571,0.502986521343,0.0592245389151,5.55242500437,6596.87098694,1.70801508858
0.0117580144892,1065.38115195,0.504016336,0.0599026785401,5.55235488268,6595.50247994,1.70767227715
0.0128322785278,1065.38155818,0.505044720121,0.0605802960013,5.55227798664,6594.13787868,1.7073298632
0.0139065425663,1065.38196442,0.506072159638,0.0612577193889,5.55219438806,6592.77656741,1.70698768348
0.0149808066043,1065.38237066,0.507099106459,0.0619352540365,5.5521041699,6591.41797468,1.70664558615
0.0160550706423,1065.38277689,0.508125974625,0.0626131796049,5.55200742588,6590.06157679,1.70630343207
0.0171293346808,1065.38318313,0.509153096845,0.0632917204954,5.55190426001,6588.70695154,1.70596110952
0.0182035987194,1065.38358936,0.510180625021,0.0639709786155,5.55179478601,6587.35390314,1.70561856762
0.0192778627574,1065.3839956,0.511208498876,0.0646508548489,5.55167912661,6586.00226922,1.70527583752
0.0203521267953,1065.38440184,0.512236478653,0.0653310371616,5.55155741282,6584.65174235,1.70493302778
0.0214263908339,1065.38480807,0.513263951209,0.0660113194802,5.55142978306,6583.30393449,1.70459030569
0.0225006548724,1065.38521431,0.514290323929,0.066691302929,5.55129638235,6581.95959403,1.70424787014
0.0235749189104,1065.38562055,0.515314983865,0.0673705756289,5.55115736139,6580.61949723,1.70390592674
0.024649182949,1065.38602678,0.516337341985,0.0680487420792,5.55101287567,6579.2843906,1.70356467302
0.0257234469869,1065.38643302,0.517356860306,0.0687254409092,5.55086308457,6577.95495444,1.70322428941
0.0267977110255,1065.38683926,0.518373111367,0.06940038446,5.5507081505,6576.63172591,1.70288491937
0.0278719750635,1065.38724549,0.51938580972,0.0700733797605,5.55054823807,6575.31505834,1.70254665889
0.028946239102,1065.38765173,0.520394783871,0.0707443097789,5.55038351323,6574.00515758,1.70220956584
0.0300205031406,1065.38805796,0.521399953799,0.0714131187518,5.55021414258,6572.70211238,1.70187366745
0.0310947671786,1065.3884642,0.522401337504,0.0720798172001,5.55004029263,6571.40588873,1.70153895799
0.0321690312171,1065.38887044,0.523399058783,0.0727444876045,5.54986212905,6570.11632189,1.70120539609
0.0332432952551,1065.38927667,0.524393324838,0.0734072694029,5.54967981602,6568.83314515,1.70087291225
0.0343175592936,1065.38968291,0.525384449389,0.0740683270978,5.54949351549,6567.55576949,1.70054140988
0.0353918233322,1065.39008915,0.526372842368,0.0747277933726,5.54930338661,6566.2830959,1.70021077809
0.0364660873702,1065.39049538,0.52735872644,0.0753860110351,5.54910958519,6565.01561675,1.69988090625
0.0375403514081,1065.39090162,0.528342383795,0.076043169322,5.54891226313,6563.75296903,1.69955169979
0.0386146154467,1065.39130786,0.529324045866,0.0766994229235,5.54871156809,6562.49485256,1.69922308127
0.0396888794853,1065.39171409,0.530303930651,0.0773549176205,5.54850764302,6561.24098493,1.69889497773
0.0407631435232,1065.39212033,0.531282258539,0.0780098012829,5.54830062593,6559.99108288,1.69856731529
0.0418374075612,1065.39252657,0.532259233622,0.0786642114743,5.54809064958,6558.7448866,1.69824002546
0.0429116715998,1065.3929328,0.533234991806,0.0793182404351,5.5478778413,6557.50222485,1.6979130625
0.0439859356383,1065.39333904,0.534209565767,0.0799719111525,5.54766232289,6556.26305771,1.69758641527
0.0450601996763,1065.39374527,0.535182883811,0.0806251761612,5.54744421049,6555.02747618,1.6972601077
0.0461344637142,1065.39415151,0.536154766407,0.0812779148754,5.54722361459,6553.79570505,1.69693420003
0.0472087277528,1065.39455775,0.537124943579,0.0819299452691,5.54700063999,6552.56808076,1.69660878292
0.0482829917914,1065.39496398,0.538093080259,0.0825810411526,5.54677538593,6551.34502019,1.69628396897
0.0493572558293,1065.39537022,0.539058794589,0.0832309447345,5.54654794612,6550.12699847,1.69595988651
0.0504315198679,1065.39577646,0.540021739329,0.0838793290526,5.54631840888,6548.91407602,1.69563666941
0.0515057839059,1065.39618269,0.540981567078,0.0845259255199,5.54608685731,6547.70654807,1.69531444076
0.0525800479444,1065.39658893,0.541937913007,0.0851706168991,5.54585336947,6546.50538504,1.69499329913
0.053654311983,1065.39699517,0.542890560249,0.0858132571178,5.54561801854,6545.3108556,1.69467331735
0.0547285760209,1065.3974014,0.543839357003,0.0864537434446,5.54538087305,6544.12314449,1.69435454649
0.0558028400595,1065.39780764,0.544784209469,0.0870920117358,5.54514199708,6542.94236149,1.69403701822
0.0568771040975,1065.39821387,0.545725076955,0.0877280333935,5.5449014505,6541.76854866,1.69372074645
0.057951368136,1065.39862011,0.546661967291,0.0883618124699,5.54465928915,6540.60168695,1.69340572878
0.059025632174,1065.39902635,0.547594934261,0.0889933841247,5.54441556507,6539.44170018,1.69309194738
0.0600998962126,1065.39943258,0.548524075006,0.0896228131158,5.5441703267,6538.28845939,1.69277936979
0.0611741602511,1065.39983882,0.549449522558,0.0902501888854,5.54392361909,6537.14179267,1.69246795137
0.0622484242891,1065.40024506,0.550371431124,0.0908756154755,5.54367548405,6536.00150301,1.69215764036
0.0633226883271,1065.40065129,0.551289961513,0.0914992013697,5.54342596033,6534.86738521,1.69184838275
0.0643969523656,1065.40105753,0.552205286121,0.0921210626251,5.54317508378,6533.73921883,1.6915401207
0.0654712164042,1065.40146377,0.55311758609,0.092741321018,5.54292288749,6532.61677186,1.69123279345
0.0665454804421,1065.40187,0.55402701272,0.0933600782206,5.54266940191,6531.49984995,1.69092635027
0.0676197444801,1065.40227624,0.554933766924,0.0939773085348,5.54241465497,6530.38755517,1.69062075365
0.0686940085187,1065.40268248,0.555837875174,0.0945931559286,5.54215867215,6529.28035473,1.69031597128
0.0697682725572,1065.40308871,0.556739407467,0.0952077039944,5.54190147658,6528.17830304,1.69001197291
0.0708425365952,1065.40349495,0.557638444648,0.0958210079886,5.54164308914,6527.08129876,1.68970873125
0.0719168006332,1065.40390118,0.558535046046,0.0964331086753,5.54138352849,6525.9892676,1.68940622625
0.0729910646717,1065.40430742,0.559429229622,0.097044018608,5.54112281113,6524.90218584,1.68910445183
0.0740653287103,1065.40471366,0.560320961363,0.097653714847,5.54086095147,6523.82009302,1.68880341941
0.0751395927489,1065.40511989,0.561210156839,0.0982621400469,5.54059796188,6522.7430901,1.68850315744
0.0762138567868,1065.40552613,0.562096687657,0.0988692069779,5.54033385271,6521.671332,1.68820370917
0.0772881208248,1065.40593237,0.562980383103,0.0994747998277,5.54006863235,6520.60502632,1.68790513208
0.0783623848633,1065.4063386,0.563861035877,0.100078778143,5.5398023073,6519.54442636,1.68760749592
0.0794366489019,1065.40674484,0.564738417552,0.100680987262,5.53953488217,6518.48981187,1.68731087753
0.0805109129399,1065.40715108,0.565612294852,0.101281269286,5.53926635978,6517.44146864,1.68701535539
0.0815851769784,1065.40755731,0.566482476042,0.101879494376,5.53899674116,6516.39963058,1.686720994
0.0826594410164,1065.40796355,0.567348841177,0.102475581099,5.53872602567,6515.36444177,1.68642783374
0.083733705055,1065.40836978,0.568211284539,0.103069457503,5.53845421102,6514.33602806,1.68613591027
0.0848079690929,1065.40877602,0.569069678894,0.103660992217,5.53818129333,6513.31436371,1.68584527478
0.0858822331315,1065.40918226,0.56992389595,0.104250010362,5.53790726724,6512.29925453,1.68555598676
0.0869564971701,1065.40958849,0.570773708468,0.10483649308,5.53763212596,6511.29151434,1.6852680976
0.088030761208,1065.40999473,0.571619001204,0.105420363338,5.53735586135,6510.29128591,1.68498164589
0.089105025246,1065.41040097,0.572459688893,0.106001564651,5.53707846399,6509.29867583,1.68469666007
0.0901792892845,1065.4108072,0.573295707422,0.10658005496,5.53679992327,6508.31376494,1.68441316149
0.0912535533231,1065.41121344,0.574127005524,0.107155800786,5.5365202275,6507.33661768,1.68413116715
0.0923278173611,1065.41161968,0.574953537564,0.107728772146,5.53623936392,6506.36729028,1.68385069226
0.093402081399,1065.41202591,0.575775265073,0.108298943597,5.53595731887,6505.40582887,1.68357174964
0.0944763454376,1065.41243215,0.576592160894,0.108866297125,5.53567407781,6504.4522647,1.68329434837
0.0955506094762,1065.41283839,0.577404196244,0.109430813454,5.53538962541,6503.50663039,1.68301849809
0.0966248735147,1065.41324462,0.578211330398,0.109992465106,5.53510394566,6502.56897289,1.68274421251
0.0976991375527,1065.41365086,0.579013513682,0.110551218432,5.53481702189,6501.63934979,1.68247150833
0.0987734015907,1065.41405709,0.57981069324,0.111107037461,5.53452883687,6500.71782194,1.68220040337
0.0998476656292,1065.41446333,0.580607027469,0.1116606544,5.53423937287,6499.80445357,1.68193091671
0.100921929668,1065.41486957,0.581413533218,0.112214049618,5.53394861172,6498.89931796,1.68166307023
0.101996193706,1065.4152758,0.582214664222,0.112764341311,5.53365653487,6498.00249865,1.68139688889
0.103070457744,1065.41568204,0.583010341238,0.113311475783,5.53336312343,6497.11408357,1.68113239888
0.104144721782,1065.41608828,0.583800528361,0.113855383339,5.53306835822,6496.23394279,1.68086962135
0.105218985821,1065.41649451,0.584585244948,0.114395995498,5.53277221981,6495.36174868,1.68060856663
0.106293249859,1065.41690075,0.585364413393,0.114933387287,5.53247468857,6494.49805964,1.6803492342
0.107367513897,1065.41730699,0.586138056202,0.115467573661,5.53217574468,6493.64284521,1.68009161669
0.108441777935,1065.41771322,0.586906202401,0.115998574092,5.5318753682,6492.79606784,1.67983570455
0.109516041974,1065.41811946,0.587668873689,0.116526403243,5.53157353905,6491.95769904,1.67958149061
0.110590306012,1065.41852569,0.588426071796,0.117051062638,5.53127023703,6491.12773484,1.67932897423
0.11166457005,1065.41893193,0.589177771225,0.117572535815,5.5309654419,6490.3062044,1.67907816367
0.112738834089,1065.41933817,0.589923920082,0.118090788778,5.53065913332,6489.49316859,1.67882907584
0.113813098127,1065.4197444,0.590664443768,0.118605772503,5.53035129093,6488.68871582,1.67858173505
0.114887362166,1065.42015064,0.591399243603,0.119117422101,5.5300418943,6487.89296383,1.67833617351
0.115961626203,1065.42055688,0.592128195787,0.119625655961,5.529730923,6487.10606046,1.67809243165
0.117035890242,1065.42096311,0.592851157664,0.120130379697,5.52941835657,6486.32817517,1.67785055612
0.11811015428,1065.42136935,0.593567976031,0.120631491567,5.52910417452,6485.55948881,1.67761059711
0.119184418319,1065.42177559,0.59427849745,0.121128889258,5.52878835638,6484.80018089,1.67737260498
0.120258682357,1065.42218182,0.594982581723,0.121622478779,5.52847088168,6484.05041326,1.67713662582
0.121332946395,1065.42258806,0.59568011299,0.122112181903,5.52815172993,6483.31031704,1.67690269786
0.122407210434,1065.4229943,0.596371004097,0.122597939221,5.52783088069,6482.57998795,1.67667084996
0.123481474472,1065.42340053,0.597055199568,0.123079712279,5.52750831351,6481.85948335,1.67644110063
0.12455573851,1065.42380677,0.597732682137,0.123557487995,5.52718400797,6481.14881476,1.67621345584
0.125630002548,1065.424213,0.598403476413,0.124031281089,5.52685794369,6480.44794343,1.67598790788
0.126704266587,1065.42461924,0.599067646746,0.124501132636,5.52653010032,6479.75678282,1.675764436
0.127778530625,1065.42502548,0.599725293526,0.124967107644,5.52620045754,6479.07520323,1.67554300766
0.128852794663,1065.42543171,0.600376635221,0.125429209926,5.5258689951,6478.40241829,1.67532358025
0.129927058701,1065.42583795,0.601021751682,0.125887609783,5.52553569281,6477.73876203,1.67510610358
0.13100132274,1065.42624419,0.601660800345,0.126342432441,5.52520053052,6477.08411901,1.67489052182
0.132075586778,1065.42665042,0.602293964979,0.126793798781,5.52486348819,6476.43826174,1.67467677503
0.133149850816,1065.42705666,0.60292143658,0.127241834653,5.52452454584,6475.80095481,1.67446480083
0.134224114854,1065.4274629,0.603543411492,0.127686669696,5.52418368361,6475.17195739,1.67425453506
0.135298378893,1065.42786913,0.604160084884,0.128128433033,5.52384088171,6474.55103118,1.67404591388
0.136372642931,1065.42827537,0.604771641013,0.128567246625,5.52349612052,6473.93795138,1.67383887702
0.137446906969,1065.4286816,0.605378245268,0.129003219831,5.52314938052,6473.33251567,1.6736333704
0.138521171008,1065.42908784,0.605980038438,0.129436445683,5.52280064232,6472.73455137,1.67342934799
0.139595435046,1065.42949408,0.606577133438,0.129866998762,5.52244988671,6472.14391954,1.67322677288
0.140669699084,1065.42990031,0.607169613623,0.130294934002,5.52209709463,6471.56051668,1.67302561786
0.141743963122,1065.43030655,0.607757533983,0.130720287491,5.52174224721,6470.98427334,1.67282586501
0.142818227161,1065.43071279,0.608340925155,0.131143079172,5.52138532575,6470.41514943,1.67262750436
0.143892491199,1065.43111902,0.608919797779,0.131563315731,5.52102631175,6469.8531289,1.67243053251
0.144966755237,1065.43152526,0.609494145691,0.131980992683,5.52066518694,6469.2982159,1.67223495156
0.146041019275,1065.4319315,0.610063949521,0.132396096741,5.52030193325,6468.75043026,1.67204076794
0.147115283314,1065.43233773,0.610629178709,0.132808607069,5.51993653283,6468.20980482,1.67184799178
0.148189547353,1065.43274397,0.61118978932,0.133218493796,5.5195689681,6467.67638791,1.6716566376
0.149263811391,1065.43315021,0.611745724423,0.133625718326,5.51919922168,6467.15024309,1.67146672422
0.150338075429,1065.43355644,0.612296920706,0.13403023772,5.51882727649,6466.63144119,1.67127827257
0.151412339467,1065.43396268,0.612843318662,0.134432011335,5.51845311569,6466.1200476,1.67109130237
0.152486603506,1065.43436891,0.613384874123,0.134831008372,5.5180767227,6465.61610814,1.67090582838
0.153560867544,1065.43477515,0.613921568006,0.13522721435,5.51769808124,6465.11963728,1.67072185724
0.154635131582,1065.43518139,0.614453410562,0.135620633966,5.51731717531,6464.63061332,1.67053938601
0.15570939562,1065.43558762,0.614980440299,0.136011290389,5.51693398918,6464.14897963,1.67035840258
0.156783659659,1065.43599386,0.615502721507,0.136399223599,5.51654850745,6463.67464763,1.67017888643
0.157857923697,1065.4364001,0.616020344764,0.136784490783,5.51616071498,6463.20749636,1.67000080851
0.158932187735,1065.43680633,0.616533428925,0.137167167809,5.515770597,6462.74737072,1.66982413052
0.160006451773,1065.43721257,0.617042181286,0.137547294927,5.51537813899,6462.29366269,1.66964880451
0.161080715812,1065.43761881,0.617546751642,0.137925013758,5.51498332679,6461.84634663,1.66947477277
0.16215497985,1065.43802504,0.618047315096,0.138300488352,5.51458614655,6461.40538731,1.66930196816
0.163229243888,1065.43843128,0.618544103453,0.138673869612,5.51418658475,6460.97049477,1.66913031535
0.164303507926,1065.43883751,0.619037367761,0.139045321213,5.51378462821,6460.54135611,1.66895973274
0.165377771965,1065.43924375,0.619527373428,0.139415016345,5.51338026407,6460.11764124,1.668790134
0.166452036003,1065.43964999,0.620014396542,0.139783135336,5.5129734798,6459.69900755,1.66862142933
0.167526300041,1065.44005622,0.620498720642,0.140149863558,5.51256426324,6459.28510397,1.66845352642
0.16860056408,1065.44046246,0.620980633912,0.140515389609,5.51215260253,6458.87557447,1.66828633145
0.169674828118,1065.4408687,0.621460426451,0.140879903626,5.51173848617,6458.47006183,1.6681197499
0.170749092156,1065.44127493,0.621938386137,0.14124359465,5.51132190299,6458.06821294,1.66795368791
0.171823356194,1065.44168117,0.622414791811,0.141606646059,5.51090284217,6457.66968687,1.6677880545
0.172897620233,1065.44208741,0.622889905184,0.141969230128,5.51048129321,6457.27416424,1.66762276424
0.173971884272,1065.44249364,0.623363963185,0.142331502988,5.51005724595,6456.88135657,1.66745773978
0.175046148309,1065.44289988,0.62383717152,0.142693600357,5.50963069057,6456.49101398,1.66729291391
0.176120412348,1065.44330612,0.624309701105,0.14305563503,5.50920161757,6456.10292895,1.66712823079
0.177194676386,1065.44371235,0.624781687331,0.143417696278,5.50877001778,6455.71693674,1.66696364618
0.178268940425,1065.44411859,0.625253230084,0.14377984989,5.50833588236,6455.33291547,1.6667991275
0.179343204463,1065.44452482,0.625724394235,0.144142138528,5.50789920278,6454.95078564,1.66663465356
0.180417468501,1065.44493106,0.626195211039,0.144504582602,5.50745997085,6454.57050826,1.6664702142
0.181491732539,1065.4453373,0.626665680098,0.144867181518,5.50701817868,6454.19208224,1.66630580962
0.182565996578,1065.44574353,0.627135771997,0.145229915445,5.5065738187,6453.81554135,1.66614144952
0.183640260616,1065.44614977,0.627605431713,0.145592747612,5.50612688367,6453.44095018,1.66597715197
0.184714524654,1065.44655601,0.628074582257,0.145955626734,5.50567736666,6453.06839988,1.66581294221
0.185788788692,1065.44696224,0.628543127646,0.146318488985,5.50522526104,6452.69800456,1.66564885172
0.186863052731,1065.44736848,0.629010955208,0.146681259519,5.50477056052,6452.32989848,1.6654849174
0.187937316769,1065.44777472,0.629477937471,0.147043853706,5.50431325912,6451.96423374,1.66532118101
0.189011580807,1065.44818095,0.629943933654,0.147406178091,5.50385335118,6451.60117839,1.66515768866
0.190085844845,1065.44858719,0.630408791244,0.1477681314,5.50339083134,6451.24091434,1.6649944903
0.191160108884,1065.44899342,0.630872347925,0.148129605817,5.5029256946,6450.88363511,1.66483163912
0.192234372922,1065.44939966,0.631334433847,0.148490488514,5.50245793627,6450.52954312,1.66466919076
0.19330863696,1065.4498059,0.631794874468,0.148850663593,5.50198755198,6450.17884657,1.6645072024
0.194382900999,1065.45021213,0.632253493505,0.149210014044,5.50151453773,6449.83175584,1.66434573177
0.195457165037,1065.45061837,0.632710115067,0.149568423072,5.50103888982,6449.48848065,1.6641848365
0.196531296207,1065.45102456,0.633164509048,0.149925730821,5.50056066424,6449.14926961,1.6640245934
0.197605119888,1065.45143063,0.633616432394,0.150281766253,5.50007993739,6448.81437723,1.66386508407
0.198678632277,1065.45183658,0.634065719347,0.150636418219,5.49959671063,6448.48399705,1.66370636303
0.199751830529,1065.45224241,0.634512210333,0.150989579602,5.49911098529,6448.15831494,1.66354848279
0.200824713607,1065.45264813,0.634955755689,0.15134114987,5.4986227623,6447.83750487,1.66339149261
0.20189728052,1065.45305372,0.635396217994,0.151691036543,5.49813204293,6447.52172591,1.66323543776
0.202969530156,1065.4534592,0.635833474431,0.152039156766,5.49763882892,6447.21111938,1.66308035875
0.20404146249,1065.45386455,0.636267418837,0.152385438743,5.49714312192,6446.9058067,1.66292629061
0.205113076094,1065.45426978,0.636697960931,0.152729821101,5.49664492461,6446.60588986,1.6627732632
0.206184365973,1065.4546749,0.637125024507,0.153072251612,5.4961442418,6446.31145325,1.66262130184
0.207255324992,1065.45507988,0.637548546817,0.153412686902,5.49564107976,6446.02256493,1.66247042741
0.208325943285,1065.45548474,0.637968476834,0.153751091328,5.49513544657,6445.73927873,1.66232065701
0.209396206484,1065.45588946,0.638384772172,0.154087434866,5.49462735298,6445.46163776,1.66217200489
0.210466097794,1065.45629405,0.638797397119,0.154421691931,5.49411681151,6445.18967716,1.66202448315
0.211535599642,1065.45669848,0.639206320148,0.154753839813,5.49360383569,6444.92342746,1.66187810247
0.212604692917,1065.45710276,0.639611509849,0.155083855906,5.49308844043,6444.66291915,1.6617328735
0.213673358663,1065.45750688,0.640012931804,0.155411715682,5.49257064128,6444.40818658,1.66158880787
0.214741580028,1065.45791083,0.640410546233,0.155737391175,5.49205045344,6444.15927101,1.66144591892
0.21580934124,1065.45831461,0.640804305176,0.156060849002,5.49152789226,6443.91622351,1.66130422267
0.216876628069,1065.45871821,0.641194151396,0.156382049619,5.49100297307,6443.67910623,1.6611637382
0.217943429426,1065.45912162,0.641580019381,0.156700948047,5.4904757103,6443.44799147,1.66102448726
0.21900973576,1065.45952485,0.641961836401,0.157017494465,5.48994611833,6443.22295994,1.660886494
0.220075537479,1065.45992789,0.642339524401,0.157331635377,5.48941421226,6443.00409824,1.66074978432
0.221140825284,1065.46033073,0.642713003362,0.15764331588,5.48888000775,6442.79149493,1.66061438481
0.222205588396,1065.46073337,0.643082193968,0.157952481382,5.48834352194,6442.5852372,1.66048032184
0.223269812221,1065.46113581,0.643447019473,0.158259078772,5.48780477469,6442.38540831,1.66034762099
0.224333478716,1065.46153804,0.64380740775,0.15856305788,5.48726378844,6442.19208558,1.66021630635
0.225396566471,1065.46194005,0.644163292938,0.158864372641,5.48672058817,6442.00533865,1.66008639999
0.226459049949,1065.46234183,0.644514616705,0.159162981932,5.48617520122,6441.82522798,1.65995792149
0.227520900791,1065.46274338,0.644861318664,0.159458843339,5.48562765619,6441.65181676,1.65983089112
0.228582089679,1065.46314467,0.645203338948,0.159751914942,5.48507798185,6441.48516812,1.65970532894
0.229642587171,1065.4635457,0.645540613075,0.160042151928,5.48452620678,6441.32535137,1.65958125647
0.230702365109,1065.46394646,0.645873068266,0.160329504173,5.48397235857,6441.17244644,1.65945869792
0.231761398157,1065.46434693,0.646200619799,0.160613913839,5.48341646302,6441.02654835,1.65933768138
0.232819664332,1065.46474712,0.646523168509,0.16089531367,5.48285854384,6440.88777003,1.65921823962
0.233877145103,1065.46514701,0.646840599851,0.16117362631,5.48229862251,6440.7562432,1.65910041043
0.234933825051,1065.4655466,0.647152784842,0.161448764863,5.48173671846,6440.63211699,1.65898423631
0.235989691577,1065.46594588,0.647459582744,0.161720634639,5.4811728492,6440.51555466,1.65886976363
0.23704473503,1065.46634484,0.647760845349,0.161989136004,5.48060703017,6440.40672846,1.65875704118
0.238098947931,1065.4667435,0.648056421766,0.162254167528,5.48003927518,6440.3058138,1.65864611865
0.239152324346,1065.46714184,0.648346163292,0.162515629189,5.47946959671,6440.21298336,1.65853704501
0.240204860663,1065.46753986,0.648629928392,0.162773425748,5.47889800547,6440.12840136,1.65842986689
0.241256554727,1065.46793756,0.648907586423,0.163027469191,5.47832451086,6440.052219,1.65832462734
0.24230740378,1065.46833494,0.649179019803,0.163277680062,5.4777491221,6439.98457153,1.65822136517
0.243357405075,1065.468732,0.649444125994,0.163523988858,5.47717184788,6439.9255761,1.65812011425
0.244406555805,1065.46912874,0.649702818557,0.163766336786,5.47659269643,6439.87533077,1.65802090318
0.245454850115,1065.46952516,0.649955026258,0.164004675021,5.47601167717,6439.83391499,1.65792375563
0.246502279275,1065.46992124,0.650200691948,0.164238964025,5.47542880069,6439.80139121,1.65782869063
0.247548833924,1065.470317,0.650439771274,0.164469172878,5.47484407749,6439.77780706,1.65773572302
0.248594502175,1065.47071243,0.650672229152,0.164695276838,5.4742575191,6439.76319925,1.65764486458
0.249639268954,1065.47110751,0.650898035295,0.164917254321,5.47366913847,6439.75759868,1.65755612555
0.250683120137,1065.47150224,0.651117160531,0.1651350847,5.47307894768,6439.76103576,1.65746951574
0.251726043066,1065.47189663,0.651329572484,0.165348745436,5.47248695763,6439.77354556,1.65738504597
0.252768024198,1065.47229066,0.651535230627,0.165558208569,5.47189317942,6439.79517288,1.65730272974
0.253809051891,1065.47268432,0.651734083388,0.165763438917,5.47129762272,6439.82597619,1.65722258412
0.254849118859,1065.47307763,0.651926067054,0.165964393463,5.47070029439,6439.86602931,1.65714463014
0.255888219165,1065.47347057,0.652111105062,0.166161020645,5.47010120016,6439.91542141,1.65706889304
0.256926347862,1065.47386314,0.65228910936,0.166353261198,5.46950034482,6439.97425515,1.65699540181
0.257963504043,1065.47425534,0.652459984209,0.166541050858,5.46889773049,6440.04264283,1.65692418797
0.258999689747,1065.47464718,0.65262363016,0.166724322941,5.46829335718,6440.12070138,1.65685528422
0.260034907671,1065.47503865,0.652779948183,0.166903010932,5.46768722414,6440.20854685,1.65678872317
0.261069162357,1065.47542976,0.652928844697,0.167077051886,5.46707932914,6440.30628873,1.65672453564
0.262102460164,1065.4758205,0.653070236004,0.167246389405,5.46646966851,6440.41402464,1.65666274921
0.263134806993,1065.47621089,0.65320405102,0.167410975358,5.46585823843,6440.53183682,1.65660338736
0.264166208103,1065.47660092,0.653330233181,0.167570771189,5.46524503512,6440.65978999,1.65654646884
0.26519666847,1065.47699059,0.653448741635,0.16772574875,5.46463005458,6440.79793004,1.65649200722
0.266226191135,1065.4773799,0.65355962463,0.167875821133,5.46401329364,6440.94576414,1.65644001111
0.267254776561,1065.47776887,0.653662850829,0.168020997459,5.46339475036,6441.10344037,1.65639048462
0.268282424022,1065.47815748,0.653758367711,0.168161324241,5.46277442322,6441.27132086,1.65634342829
0.269309131711,1065.47854573,0.653846181445,0.168296804603,5.4621523111,6441.44939573,1.65629884029
0.27033489559,1065.47893362,0.653926300345,0.168427443086,5.461528414,6441.63765257,1.65625671809
0.271359709902,1065.47932116,0.65399872901,0.168553241784,5.46090273273,6441.83608351,1.6562170604
0.272383568518,1065.47970834,0.65406345817,0.168674193695,5.46027526815,6442.04469772,1.65617987042
0.273406464528,1065.48009515,0.654120457225,0.168790277716,5.45964602144,6442.26353014,1.65614515835
0.27442838942,1065.48048159,0.65416967443,0.168901458663,5.45901499459,6442.49264088,1.65611294131
0.27544933436,1065.48086767,0.654211037331,0.169007687622,5.45838218966,6442.73211492,1.65608324318
0.276469291459,1065.48125337,0.654244451738,0.169108901339,5.45774760799,6442.98206366,1.65605609499
0.277488252932,1065.48163869,0.654269801257,0.169205021792,5.45711125076,6443.24262497,1.65603153501
0.278506210998,1065.48202363,0.654286951824,0.169295959145,5.456473119,6443.51395765,1.65600960733
0.279523159726,1065.4824082,0.654295758103,0.169381616116,5.45583321249,6443.79623421,1.65599035971
0.280539095473,1065.48279238,0.654296063782,0.169461888186,5.45519152948,6444.08964052,1.65597384352
0.281554015804,1065.48317617,0.654287702191,0.169536663888,5.45454806727,6444.39437472,1.65596011351
0.282567919702,1065.48355958,0.654270499338,0.169605826853,5.4539028222,6444.71064363,1.65594922686
0.283580807991,1065.48394261,0.654244288121,0.169669265315,5.45325578927,6445.03864603,1.65594123848
0.284592682821,1065.48432525,0.654208949882,0.169726899598,5.4526069625,6445.37852266,1.65593618741
0.285603547861,1065.48470751,0.654164501218,0.16977859578,5.4519563348,6445.72972387,1.65593409795
0.28661340843,1065.4850894,0.654110872694,0.169824335439,5.45130389787,6446.09243644,1.65593498716
0.287622270207,1065.4854709,0.654047961235,0.169864160772,5.45064964305,6446.46719202,1.65593886613
0.288630138933,1065.48585203,0.653975752732,0.169898061469,5.44999356146,6446.85400644,1.65594573967
0.289637021275,1065.48623279,0.653894250766,0.169926039066,5.44933564352,6447.25287483,1.6559556068
0.290642923837,1065.48661317,0.653803473454,0.16994810481,5.44867587955,6447.66377521,1.65596846173
0.291647851734,1065.48699319,0.65370344994,0.169964277266,5.44801426074,6448.08667246,1.65598429508
0.292651809294,1065.48737284,0.653594219301,0.169974581664,5.44735077869,6448.5215199,1.65600309422
0.293654800335,1065.48775212,0.653475827147,0.169979047651,5.44668542528,6448.96826336,1.65602484432
0.294656826876,1065.48813104,0.653348320294,0.169977705653,5.44601819354,6449.42684721,1.65604953019
0.295657889407,1065.4885096,0.653211740305,0.169970582608,5.44534907748,6449.89722215,1.65607713835
0.296657988219,1065.48888779,0.653066113838,0.169957695631,5.44467807125,6450.37935702,1.6561076602
0.29765712283,1065.48926561,0.652911435926,0.169939040871,5.44400516953,6450.87325872,1.65614109748
0.298655291265,1065.48964307,0.652747735807,0.169914520491,5.44333036804,6451.37846443,1.65617746465
0.299652491391,1065.49002017,0.652574955805,0.169884048961,5.44265366267,6451.89487258,1.6562167903
0.300648721643,1065.4903969,0.652392848885,0.16984762234,5.44197504901,6452.42337021,1.65625912252
0.301643980015,1065.49077326,0.652201216601,0.169805108514,5.441294523,6452.96419695,1.65630452639
0.302638264299,1065.49114925,0.651999833906,0.169756357683,5.44061208085,6453.51762431,1.65635307573
0.3036315736,1065.49152487,0.651787515518,0.169700583948,5.43992771794,6454.08507927,1.65640515856
0.304623908241,1065.49190013,0.651562199572,0.169636421459,5.43924142896,6454.66904683,1.65646144966
0.305615269094,1065.49227501,0.651323073233,0.16956333201,5.4385532083,6455.27051097,1.65652221497
0.306605658533,1065.49264953,0.651071221423,0.169482033461,5.43786304944,6455.88816832,1.65658709964
0.30759508096,1065.49302368,0.650808169127,0.169393534299,5.43717094454,6456.52018216,1.65665560495
0.308583541518,1065.49339747,0.650534959656,0.169298426016,5.43647688537,6457.16493471,1.6567274099
0.309571045526,1065.4937709,0.65025217557,0.169196985474,5.43578086365,6457.82132757,1.65680234621
0.310557599671,1065.49414397,0.649959982655,0.16908952352,5.43508287028,6458.4899047,1.6568803184
0.311543213047,1065.49451668,0.649658559624,0.1689761574,5.43438289452,6459.17045083,1.65696126824
0.312527897727,1065.49488904,0.64934802084,0.16885696212,5.43368092364,6459.86282959,1.65704515846
0.313511669523,1065.49526106,0.649028429906,0.168731979582,5.43297694229,6460.56696767,1.65713196829
0.314494547969,1065.49563274,0.648699802433,0.168601220452,5.43227093247,6461.28285165,1.65722169255
0.315476555096,1065.49600409,0.648362114625,0.168464669739,5.43156287442,6462.01051726,1.65731433889
0.316457714255,1065.49637512,0.648015299423,0.168322284143,5.43085274739,6462.75005377,1.65740992902
0.317438049304,1065.49674583,0.647659281274,0.168173934248,5.43014053029,6463.50126429,1.65750850394
0.318417583652,1065.49711625,0.647293940952,0.168019370408,5.42942620232,6464.26366819,1.65761013765
0.319396339672,1065.49748637,0.646918816235,0.16785853849,5.42870974348,6465.03875552,1.65771492976
0.320374338685,1065.4978562,0.646533576127,0.167691220876,5.42799113456,6465.82693627,1.65782298825
0.321351600819,1065.49822576,0.646137866136,0.167517184303,5.4272703573,6466.62864877,1.65793442881
0.322328144898,1065.49859504,0.645731437852,0.167336265676,5.42654739446,6467.44420335,1.65804933245
0.323303988986,1065.49896406,0.645314251752,0.167148440106,5.4258222295,6468.27365809,1.65816771183
0.324279151029,1065.49933282,0.644886373319,0.16695375209,5.42509484608,6469.11694386,1.6582895453
0.325253648901,1065.49970133,0.644447887814,0.166752259111,5.42436522804,6469.97396732,1.65841480476
0.326227500427,1065.50006959,0.643999064516,0.166543833524,5.42363335939,6470.84328065,1.65854346482
0.327200723886,1065.50043762,0.643539809601,0.166328662546,5.42289922398,6471.72592226,1.65867550507
0.328173338492,1065.50080542,0.643070125956,0.166106805227,5.42216280509,6472.62210531,1.65881091285
0.329145364437,1065.50117299,0.642590014293,0.165878263124,5.42142408541,6473.53183897,1.65894968772
0.330116822823,1065.50154035,0.642099420141,0.165643001278,5.4206830471,6474.45519924,1.65909184727
0.331087735748,1065.50190751,0.641598211945,0.165400933747,5.41993967171,6475.39235563,1.65923743431
0.332058126508,1065.50227446,0.641086157385,0.165151908013,5.41919394001,6476.34360017,1.6593865246
0.333028019786,1065.50264123,0.640562904671,0.16489569263,5.41844583186,6477.30937023,1.65953923294
0.333997441765,1065.50300782,0.640028299102,0.164631801815,5.41769532612,6478.28844372,1.65969568852
0.33496642015,1065.50337424,0.63948192025,0.164360335087,5.41694240056,6479.28273152,1.65985595146
0.335934984257,1065.50374051,0.638923743989,0.164081284898,5.41618703188,6480.29230138,1.66002002792
0.336903165262,1065.50410663,0.638351622272,0.163793230567,5.41542919539,6481.3197653,1.66018862042
0.337870995998,1065.50447262,0.637761608863,0.163493562185,5.41466886526,6482.36991793,1.66036301954
0.338838509662,1065.50483849,0.63715283466,0.163181708506,5.41390601545,6483.44383823,1.6605435088
0.339805738161,1065.50520425,0.636528487356,0.162859782677,5.41314062108,6484.53768973,1.66072904467
0.340772712176,1065.50556991,0.635892220227,0.162529952031,5.4123726584,6485.64612989,1.66091848341
0.341739463711,1065.50593549,0.635245783765,0.162193454455,5.41160210273,6486.7673388,1.6611112361
0.342706029579,1065.506301,0.634589632968,0.161850764841,5.41082892573,6487.90141489,1.66130711828
0.343672453728,1065.50666646,0.633923628723,0.161501793515,5.41005309343,6489.0485428,1.66150617497
0.3446387876,1065.50703188,0.633247506237,0.161146368687,5.40927456585,6490.2090637,1.66170849209
0.345605089053,1065.50739729,0.632561090502,0.160784378898,5.40849329777,6491.38321357,1.66191412601
0.346571420703,1065.50776271,0.631864160893,0.160415683265,5.40770924005,6492.57128682,1.66212314785
0.347537848347,1065.50812817,0.631156583918,0.160039936074,5.4069223408,6493.77249997,1.66233565403
0.348504439805,1065.50849369,0.630437949015,0.159656948355,5.40613254635,6494.98766546,1.66255176191
0.349471264327,1065.5088593,0.629707699918,0.159266543547,5.40533980168,6496.21817673,1.6627716142
0.350438392427,1065.50922502,0.628965332539,0.158868394899,5.40454405059,6497.46468037,1.6629953744
0.351405744396,1065.50959083,0.628210390921,0.15846219309,5.40374536098,6498.72771164,1.66322319322
0.352373164612,1065.50995666,0.627442651863,0.158047686482,5.40294386532,6500.00769884,1.66345520136
0.353340712121,1065.51032254,0.626689580757,0.1576282408,5.40213951977,6501.30506287,1.66369150251
0.354308447671,1065.51068849,0.625923611508,0.157199924983,5.40133227938,6502.6182965,1.66393216216
0.355276434549,1065.51105454,0.625144297608,0.15676275101,5.40052209896,6503.94922059,1.66417727184
0.356244739446,1065.51142071,0.624351212594,0.156316506501,5.39970893392,6505.29868414,1.66442696063
0.357213276483,1065.51178696,0.623544003171,0.15586094299,5.39889287214,6506.66710428,1.66468134893
0.358181877201,1065.51215324,0.622719463291,0.155393873778,5.3980740769,6508.05842592,1.6649415173
0.359150606815,1065.51251957,0.621872094819,0.154911584832,5.39725251928,6509.47955254,1.66520931215
0.360119533633,1065.51288597,0.621001189728,0.154413427722,5.39642817145,6510.93071427,1.66548500285
0.361088728339,1065.51325248,0.620111285392,0.153902342145,5.39560100712,6512.40574793,1.66576708886
0.3620582668,1065.51361911,0.619206483718,0.153381413581,5.39477099898,6513.90078987,1.66605413393
0.36302803361,1065.51398583,0.6182887266,0.152851940892,5.3939382874,6515.41337036,1.66634548824
0.363997911078,1065.5143526,0.6173584755,0.152314221363,5.39310301966,6516.94286751,1.66664099946
0.364967992007,1065.51471943,0.616415483781,0.15176809337,5.39226516558,6518.48962489,1.66694074942
0.365938380568,1065.51508639,0.615459618465,0.151213386626,5.39142468736,6520.0535015,1.66724479772
0.366909189816,1065.5154535,0.614490857265,0.150649758368,5.39058154135,6521.63322556,1.66755321287
0.36788053922,1065.51582082,0.61350862782,0.150077250988,5.38973567983,6523.23124989,1.66786610706
0.36885225776,1065.51618828,0.612512884498,0.149495815217,5.38888731021,6524.84757376,1.668183499
0.369824321173,1065.51655587,0.611503457053,0.148905331422,5.38803651473,6526.48240856,1.66850544664
0.370796839748,1065.51692363,0.610480329201,0.148305797057,5.38718325924,6528.13582517,1.66883195382
0.371769925537,1065.51729161,0.609443714294,0.147697283166,5.38632750838,6529.80727834,1.66916296246
0.372743692716,1065.51765984,0.608393790835,0.147079548682,5.38546922502,6531.49510524,1.66949848001
0.37371825119,1065.51802837,0.607330166137,0.146452787233,5.38460837569,6533.20166036,1.66983855269
0.374693270971,1065.51839708,0.606253202219,0.145817210114,5.38374531637,6534.92637168,1.67018306506
0.37566885304,1065.518766,0.605159792061,0.145170722077,5.38288002305,6536.67318062,1.67053305978
0.376645099547,1065.51913517,0.604044730754,0.144509810099,5.38201246994,6538.44867208,1.67089028411
0.377622111996,1065.51950463,0.602907895263,0.143834224529,5.38114263093,6540.25235667,1.67125481035
0.378599990867,1065.51987442,0.601754559769,0.143147325904,5.38027047989,6542.07680142,1.67162490504
0.379578616252,1065.52024449,0.600589407709,0.142452655985,5.37939618663,6543.91765018,1.67199892478
0.380557827969,1065.52061478,0.599414921628,0.141751874873,5.37851995717,6545.77172168,1.672376039
0.381537721939,1065.52098533,0.59823167871,0.141045378073,5.37764176797,6547.63832396,1.67275605276
0.38251840487,1065.52135618,0.597039372042,0.140332964253,5.37676158444,6549.51788091,1.67313906797
0.383499992893,1065.52172737,0.595837549607,0.139613960556,5.37587936211,6551.40948913,1.67352530502
0.384482559726,1065.52209893,0.594625689363,0.13888818003,5.37499509327,6553.31448943,1.67391490823
0.385465761015,1065.52247073,0.593404116708,0.138156018685,5.37410914596,6555.23319766,1.67430773536
0.386449704196,1065.52284281,0.592172486919,0.137417250629,5.37322148095,6557.16609142,1.67470390081
0.387434499523,1065.52321522,0.590930156432,0.136671448359,5.37233205511,6559.11402766,1.67510361929
0.388420260343,1065.52358798,0.589676450378,0.135918136006,5.37144082116,6561.07779379,1.67550712109
0.389407103831,1065.52396116,0.588407865703,0.135154397599,5.37054772711,6563.05960411,1.67591568525
0.390394670459,1065.52433461,0.587118950166,0.134377087902,5.36965315182,6565.06855585,1.676331042
0.391382985864,1065.52470835,0.585809586576,0.133586129915,5.36875712522,6567.10483455,1.67675323021
0.39237214155,1065.5250824,0.584484898805,0.132784997518,5.36785961662,6569.16203575,1.67718052683
0.393362232269,1065.52545681,0.583149058698,0.131976518833,5.36696059146,6571.23494065,1.67761152904
0.394353362368,1065.52583161,0.581803750637,0.1311614675,5.36606000561,6573.31995036,1.67804573932
0.395345189738,1065.52620667,0.580449269093,0.130340112318,5.36515822023,6575.41698861,1.67848304569
0.396337680044,1065.52658198,0.579084621458,0.129512040495,5.36425531666,6577.52837635,1.67892373319
0.3973309379,1065.52695759,0.577708618655,0.128676454079,5.36335124932,6579.65565849,1.67936820004
0.398325076902,1065.52733352,0.576320593626,0.127832909475,5.36244596388,6581.79972725,1.67981666886
0.399320218983,1065.52770984,0.574920031743,0.126980935578,5.36153939792,6583.96075009,1.68026933552
0.40031593207,1065.52808637,0.573506993187,0.126120130839,5.36063199361,6586.1368623,1.68072626257
0.401312253669,1065.52846313,0.572076558656,0.125247693589,5.35972376529,6588.33645746,1.68118900415
0.402309296885,1065.52884017,0.570622609667,0.124359491482,5.35881465817,6590.56733742,1.68165961451
0.403307181194,1065.52921752,0.569145895728,0.123456041456,5.35790461144,6592.828629,1.6821378399
0.404305996312,1065.52959523,0.567652284692,0.122541318531,5.35699359137,6595.11295361,1.68262170778
0.405305258432,1065.5299731,0.566146965383,0.121618149612,5.35608208745,6597.41095892,1.6831096029
0.406305086421,1065.53035119,0.564630473641,0.120687475212,5.35517003953,6599.72435019,1.68360123689
0.407305616456,1065.53072954,0.563102814466,0.119749365308,5.35425737173,6602.05341223,1.68409659552
0.408307001413,1065.53110822,0.56156337019,0.118803411072,5.3533439931,6604.39898451,1.68459588456
0.409309241967,1065.53148722,0.560011226896,0.117848988968,5.35242995178,6606.76222538,1.68509941196
0.410311977861,1065.53186641,0.558446359928,0.116885534484,5.35151562525,6609.14093399,1.68560728872
0.411315358589,1065.53224584,0.556868241944,0.115913003395,5.35060092635,6611.53708343,1.68611963336
0.41231954147,1065.53262557,0.555272530915,0.114928671615,5.34968576121,6613.95709235,1.68663786452
0.413324691329,1065.53300568,0.553652820708,0.113928215636,5.34877002968,6616.4091793,1.68716413236
0.414330636939,1065.53338608,0.552009909579,0.112912156737,5.34785393823,6618.89229087,1.68769817212
0.415337155328,1065.5337667,0.550350927178,0.111884855038,5.34693774064,6621.39547915,1.68823767543
0.416344393432,1065.53414759,0.548680248397,0.110849409312,5.34602135422,6623.91377122,1.68878114639
0.417352511645,1065.53452881,0.546998229903,0.109806377028,5.34510468477,6626.4480372,1.68932840575
0.418361686022,1065.53491043,0.545303935423,0.108755134794,5.34418762468,6628.99953172,1.68987976613
0.419371533907,1065.53529231,0.54359784013,0.107695961933,5.34327057448,6631.56749623,1.69043507575
0.420382027607,1065.53567443,0.541880480496,0.106628796654,5.34235361219,6634.14950789,1.69099423413
0.421393336678,1065.53605686,0.540147428808,0.105550713024,5.34143663741,6636.75152095,1.69155871567
0.422405639453,1065.53643967,0.538392403949,0.104457824776,5.34051954281,6639.38308423,1.69213056223
0.423419038143,1065.53682289,0.536616998635,0.103351214508,5.33960229098,6642.04222302,1.69270923766
0.424433003518,1065.53720632,0.534829440545,0.102236393735,5.33868541617,6644.71823328,1.69329198815
0.425447702068,1065.53759003,0.533033980166,0.101115799814,5.33776882306,6647.40388142,1.69387746812
0.426463317531,1065.53797409,0.531230705128,0.0999895921431,5.33685240187,6650.09948239,1.69446562932
0.427480051661,1065.53835857,0.52941884603,0.0988576157107,5.3359360279,6652.80755386,1.69505666145
0.428497751602,1065.53874342,0.527599041242,0.0977202804705,5.33501989692,6655.52720347,1.69565035414
0.4295161533,1065.53912853,0.525767803763,0.0965751942709,5.33410430461,6658.26277353,1.69624788499
0.430535445829,1065.53951398,0.523919526161,0.0954180669205,5.33318913948,6661.01939625,1.69685123119
0.431555821244,1065.53989984,0.522055767773,0.0942501512283,5.33227428899,6663.79592532,1.69745983164
0.432577476237,1065.54028618,0.52018332705,0.0930763803667,5.33135963831,6666.58506335,1.69807133959
0.433599886007,1065.54067281,0.518307281615,0.0919001335007,5.33044571903,6669.38007837,1.69868405981
0.434623068009,1065.54105973,0.516427798056,0.090721515857,5.32953257719,6672.18073232,1.69929793774
0.435647207938,1065.54144701,0.514544370259,0.0895395860427,5.32862011012,6674.98517209,1.69991325624
0.436672506799,1065.54183473,0.512652796106,0.0883518728816,5.32770820374,6677.80035651,1.70053135693
0.437698909201,1065.54222286,0.51074818198,0.0871552964095,5.3267969739,6680.63355654,1.70115384022
0.438725944333,1065.54261124,0.508833228977,0.0859516363561,5.32588690513,6683.48112275,1.70177980767
0.439753785705,1065.54299992,0.506913650517,0.0847447676509,5.32497791077,6686.33576401,1.70240733813
0.440782617283,1065.54338898,0.504993278019,0.0835365600951,5.32406989747,6689.18951915,1.70303528077
0.441812638089,1065.54377848,0.503071689838,0.0823273235279,5.32316276134,6692.04543091,1.70366366503
0.442843245444,1065.54416821,0.501148850991,0.0811171191247,5.32225710524,6694.90390303,1.70429248667
0.44387442099,1065.54455815,0.499219945967,0.0799026770834,5.32135301696,6697.77109409,1.70492336558
0.44490634205,1065.54494838,0.49728005561,0.0786806763891,5.3204504145,6700.65338756,1.70555795287
0.445939196231,1065.54533896,0.495331765885,0.0774520140873,5.31954920975,6703.5438668,1.70619554079
0.446972717137,1065.54572978,0.493380617138,0.0762212318989,5.3186497123,6706.43874106,1.70683411846
0.448006494494,1065.54612071,0.491429532404,0.0749903016919,5.31775235538,6709.33421612,1.70747270505
0.449040709853,1065.5465118,0.489474525544,0.0737565309742,5.31685705793,6712.23545905,1.70811263879
0.450075565082,1065.54690314,0.487510436147,0.0725163551389,5.31596372426,6715.14883541,1.708755667
0.451111174963,1065.54729476,0.485539006715,0.071270195232,5.31507233662,6718.06889344,1.70940134756
0.45214674256,1065.54768636,0.483565939589,0.0700226792992,5.31418366079,6720.99152833,1.71004761947
0.453182449719,1065.54807802,0.481593167719,0.0687751215245,5.31329761907,6723.9142671,1.71069383224
0.454218494168,1065.5484698,0.479616121542,0.0675244354255,5.31241412298,6726.84304678,1.71134151989
0.455255090643,1065.54886179,0.47762893844,0.0662664606152,5.31153307257,6729.78464399,1.71199268845
0.456291520252,1065.54925372,0.475634581762,0.0650025978966,5.31065516075,6732.73266117,1.71264645678
0.457327728842,1065.54964557,0.473637800685,0.0637367911218,5.30978051256,6735.68405723,1.7133010914
0.458363919151,1065.5500374,0.471639838616,0.0624698876762,5.3089090373,6738.63724765,1.71395617349
0.45940031588,1065.55042932,0.46963483151,0.0611979249974,5.30804062908,6741.59986485,1.71461367195
0.460436499338,1065.55082116,0.467617832284,0.0599171993291,5.30717572244,6744.57682057,1.71527531609
0.461472112155,1065.55121278,0.465592530334,0.0586298330007,5.30631469558,6747.5617401,1.71593993741
0.462507381083,1065.55160427,0.463589229353,0.0574062270615,5.30545744002,6750.55084546,1.71660570457
0.463542560432,1065.55199572,0.461692284352,0.0564727452914,5.30460382861,6753.547258,1.71727341312
0.464577656247,1065.55238715,0.459785459702,0.0555332854633,5.30375394235,6756.55725433,1.71794469532
0.465611936824,1065.55277827,0.457872503548,0.0545892640999,5.30290846558,6759.57353547,1.71861826817
0.466645636821,1065.55316916,0.455957631794,0.0536427914791,5.30206728888,6762.58954936,1.71929264466
0.467679005736,1065.55355993,0.454037542101,0.052692856504,5.30123029615,6765.61251265,1.71996893506
0.468712312454,1065.55395068,0.452106692474,0.0517364040876,5.30039736174,6768.65014625,1.72064911795
0.469744665929,1065.55434107,0.450169146504,0.0507755691783,5.29956929498,6771.6964676,1.72133175148
0.470776143163,1065.55473113,0.448230117471,0.0498125997459,5.29874612316,6774.74218452,1.72201502752
0.471807013917,1065.55512095,0.446287056454,0.0488459673961,5.29792772519,6777.79044177,1.72269986652
0.472837582027,1065.55551067,0.44433476553,0.0478735635969,5.29711396118,6780.85095469,1.72338805999
0.473867557764,1065.55590016,0.442376990613,0.0468974160297,5.29630516525,6783.91838935,1.72407827373
0.474896544459,1065.55628927,0.440420706662,0.0459213281414,5.2955017539,6786.98287938,1.72476802108
0.475924834423,1065.55667812,0.438463891224,0.0449436077378,5.29470360755,6790.04535374,1.72545807304
0.476952721124,1065.55706682,0.436501496858,0.0439612676221,5.29391061574,6793.11218675,1.72615024897
0.477980504487,1065.55745548,0.43453549439,0.0429762107862,5.29312267364,6796.1832974,1.72684377599
0.479007217444,1065.55784373,0.432573886716,0.0419927495229,5.2923406494,6799.24716851,1.72753580531
0.48003298994,1065.55823163,0.430614865919,0.0410098750386,5.29156456956,6802.30627556,1.72822698343
0.481058109921,1065.55861929,0.428653584096,0.0400245312026,5.29079434978,6805.36613521,1.72891907364
0.482082883347,1065.55900681,0.426692370359,0.0390374091226,5.29002990334,6808.42153234,1.72961129464
0.483107161695,1065.55939414,0.424737668488,0.0380530377233,5.28927149035,6811.46663479,1.73030126305
0.484130297842,1065.55978104,0.422793665669,0.0370736489828,5.28851973729,6814.4953016,1.7309874904
0.485152589983,1065.56016763,0.420855835208,0.0360967414526,5.28777457354,6817.51383485,1.73167159329
0.48617435417,1065.56055401,0.418919336291,0.0351196423618,5.28703592648,6820.52899571,1.73235530033
0.487195922673,1065.56094032,0.416988468599,0.0341434566215,5.28630372343,6823.53056224,1.73303718366
0.488216871194,1065.56132639,0.415071615614,0.0331739849509,5.28557843883,6826.51062396,1.73371415023
0.48923686674,1065.56171211,0.413168537341,0.0322111137887,5.28486047561,6829.46954521,1.7343862841
0.490256220741,1065.56209758,0.411274660909,0.0312523238569,5.28414978358,6832.41372705,1.73505521773
0.491275237925,1065.56248293,0.409392633931,0.0302990929369,5.28344632829,6835.33948046,1.73572000428
0.492294213966,1065.56286825,0.40752818819,0.0293541399075,5.28275009284,6838.23724829,1.73637863471
0.493312631119,1065.56325337,0.405684382744,0.0284187278278,5.28206161882,6841.10127583,1.73703005267
0.494329980869,1065.56363809,0.403856661897,0.0274911123811,5.28138142942,6843.94047319,1.73767581964
0.495346485109,1065.56402248,0.402039596022,0.0265682770145,5.28070955513,6846.7623768,1.73831787607
0.496362405775,1065.56440665,0.400236949738,0.025652295882,5.28004601,6849.56164771,1.73895487797
0.497378055694,1065.56479073,0.39845634443,0.0247473817577,5.27939078707,6852.32753958,1.73958410334
0.498392957948,1065.56517451,0.396702840196,0.0238558767919,5.27874439316,6855.05137555,1.74020378343
0.499406839289,1065.56555792,0.394973331947,0.0229756055332,5.27810719621,6857.73593502,1.74081506608
0.500420026579,1065.56594106,0.393263093183,0.0221047939172,5.27747918963,6860.39060807,1.74141956829
0.50143281976,1065.56632405,0.391576326706,0.0212457720786,5.27686039932,6863.00945946,1.74201578842
0.502445502125,1065.566707,0.389920270978,0.0204025404033,5.27625087735,6865.58224357,1.74260114126
0.503458363927,1065.56709001,0.388298013505,0.0195767970433,5.27565068834,6868.10452204,1.7431745248
0.504470462831,1065.56747274,0.386707119108,0.0187670990627,5.27506062717,6870.57933981,1.74373681692
0.505481812835,1065.56785519,0.385144181819,0.0179708940329,5.27448091491,6873.00920026,1.74428929072
0.506492704582,1065.56823746,0.383614705011,0.0171914537009,5.27391162429,6875.38705197,1.74482996116
0.50750342736,1065.56861967,0.382126206124,0.016433384998,5.27335284588,6877.70373628,1.74535610513
0.50851426741,1065.56900192,0.380681456566,0.0156982165185,5.27280468909,6879.95525978,1.74586673304
0.509525512368,1065.56938433,0.379280593747,0.0149860195366,5.27226727936,6882.14134035,1.74636179617
0.510536730728,1065.56976672,0.377924443255,0.0142972051427,5.27174112869,6884.26058935,1.74684100345
0.511547400131,1065.57014891,0.376608149052,0.0136290383165,5.27122677734,6886.31962792,1.7473060935
0.512557704642,1065.57053096,0.375326227974,0.0129784808138,5.27072439395,6888.32611973,1.74775902522
0.513567816099,1065.57091294,0.374083723317,0.0123479175859,5.27023415932,6890.27152788,1.74819803142
0.514577908578,1065.57129491,0.372887948399,0.011741348613,5.2697562574,6892.1453064,1.74862050369
0.515588169337,1065.57167694,0.371740511069,0.0111601302962,5.26929086896,6893.94668659,1.74902582817
0.516598799023,1065.57205911,0.370640352488,0.0106036698743,5.26883817088,6895.67707745,1.74941438363
0.517655446807,1065.57245869,0.369539532046,0.0100476843413,5.26837888742,6897.41173792,1.74980310472
0.518729710846,1065.57286492,0.368472858156,0.0095098435938,5.26792692313,6899.09609957,1.75017969233
0.519803974884,1065.57327116,0.367453080733,0.00899627809337,5.26749032736,6900.70897425,1.75053967035
0.520878238922,1065.5736774,0.366476146588,0.00850471994559,5.26706935387,6902.25595336,1.75088448865
0.52195250296,1065.57408363,0.365551134671,0.00804016935897,5.26666423865,6903.72406078,1.75121090617
0.523026766999,1065.57448987,0.364689389,0.00760887927276,5.26627519926,6905.09710352,1.75151487279
0.524101031037,1065.5748961,0.363895255411,0.00721323204197,5.26590243463,6906.36879026,1.75179483802
0.525175295075,1065.57530234,0.363170037571,0.00685393062704,5.26554612509,6907.53714962,1.7520503377
0.526249559113,1065.57570858,0.362515137115,0.00653173542912,5.2652064327,6908.60008589,1.75228087241
0.527323823152,1065.57611481,0.361931986195,0.00624716971588,5.26488350181,6909.55460589,1.7524859533
0.528398087191,1065.57652105,0.361421642208,0.00600101286767,5.26457745967,6910.39981648,1.75266518621
0.529472351229,1065.57692729,0.360984842724,0.00579376673833,5.26428841727,6911.13494317,1.75281829971
0.530546615267,1065.57733352,0.360621946554,0.00562562272029,5.2640164702,6911.75941252,1.75294516621
0.531620879305,1065.57773976,0.360332874406,0.00549653157264,5.26376169955,6912.27328336,1.75304581445
0.532695143344,1065.578146,0.360117086542,0.00540619116869,5.26352417288,6912.6772791,1.75312043752
0.533769407382,1065.57855223,0.359973587532,0.00535404896071,5.26330394516,6912.97278066,1.75316939109
0.53484367142,1065.57895847,0.359900968012,0.00533932463956,5.26310105989,6913.16176571,1.75319317863
0.535917935458,1065.5793647,0.35989045178,0.00535715902537,5.2629155503,6913.25664855,1.75319493525
0.536992199497,1065.57977094,0.359934413862,0.00540333224894,5.26274744073,6913.26822556,1.75317738468
0.538066463535,1065.58017718,0.36003847276,0.00548095923601,5.26259674847,6913.1885525,1.75313851945
0.539140727573,1065.58058341,0.360209791266,0.00559400972376,5.26246348575,6913.00750167,1.75307578044
0.540214991612,1065.58098965,0.360447508041,0.00574201088213,5.2623476624,6912.72631254,1.75298947498
0.54128925565,1065.58139589,0.360747587919,0.00592273372023,5.26224928899,6912.35072646,1.75288104412
0.542363519688,1065.58180212,0.36110648041,0.0061342174335,5.2621683808,6911.8858014,1.7527517558
0.543437783726,1065.58220836,0.361521176257,0.00637443434603,5.26210496264,6911.33459296,1.75260271558
0.544512047765,1065.5826146,0.361988856743,0.00664215854955,5.26205907492,6910.70224306,1.75243490211
0.545586311803,1065.58302083,0.362507093436,0.00693605481415,5.26203078134,6909.99224301,1.7522491821
0.546660575841,1065.58342707,0.363073702022,0.00725492366022,5.26202017903,6909.20774223,1.75204633504
0.547734839879,1065.58383331,0.363686766612,0.0075977149246,5.26202739972,6908.35151404,1.75182704445
0.548809103918,1065.58423954,0.364344743923,0.00796358602706,5.26205257792,6907.42581016,1.75159186064
0.549883367956,1065.58464578,0.365045968293,0.00835162827848,5.26209582121,6906.43306221,1.75134137752
0.550957631994,1065.58505201,0.36578842543,0.00876074094137,5.26215720652,6905.37619911,1.75107631343
0.552031896032,1065.58545825,0.366569617389,0.00918955652332,5.26223677814,6904.25883751,1.75079755941
0.553106160071,1065.58586449,0.367386974381,0.00963666845088,5.26233454617,6903.08469757,1.75050603212
0.55418042411,1065.58627072,0.368237982715,0.0101007013418,5.26245048557,6901.85741967,1.75020262817
0.555254688147,1065.58667696,0.369120194542,0.0105803162022,5.26258453558,6900.58054982,1.74988822063
0.556328952185,1065.5870832,0.370031236526,0.0110742156244,5.26273659986,6899.25752846,1.74956365595
0.557403216224,1065.58748943,0.370968884616,0.0115811852082,5.26290654699,6897.89158476,1.74922972721
0.558477480263,1065.58789567,0.371931064418,0.0120998394059,5.26309421149,6896.48487968,1.74888719552
0.559551744301,1065.58830191,0.372915784372,0.0126288163016,5.26329939536,6895.03938201,1.74853679427
0.560626008339,1065.58870814,0.373921000859,0.0131675107694,5.26352186982,6893.55977685,1.748179209
0.561700272377,1065.58911438,0.37494490961,0.0137149400015,5.26376137755,6892.04869101,1.74781508293
0.562774536416,1065.58952061,0.37598576084,0.0142701505023,5.26401763507,6890.50866974,1.74744503984
0.563848800454,1065.58992685,0.377041836243,0.0148322051526,5.26429033532,6888.94220846,1.74706969238
0.564923064492,1065.59033309,0.378111471967,0.0154001959561,5.26457915038,6887.3517204,1.74668963383
0.565997328531,1065.59073932,0.379193110405,0.0159732730138,5.26488373427,6885.73946451,1.74630541959
0.567071592569,1065.59114556,0.380285510747,0.0165507614976,5.26520372567,6884.1072501,1.7459174919
0.568145856607,1065.5915518,0.381387567099,0.0171320611163,5.26553875067,6882.45669418,1.74552624482
0.569220120645,1065.59195803,0.382497924183,0.01771643326,5.26588842537,6880.78976297,1.74513216151
0.570294384684,1065.59236427,0.383615168064,0.0183023328048,5.26625235838,6879.10590948,1.74473581162
0.571368648722,1065.59277051,0.384737486064,0.0188894535842,5.26663015315,6877.41004093,1.74433778367
0.57244291276,1065.59317674,0.385863169374,0.0194769419404,5.26702141011,6875.70488584,1.74393868033
0.573517176798,1065.59358298,0.386990498741,0.0200638579493,5.26742572862,6873.99291505,1.74353911475
0.574591440837,1065.59398922,0.388117788302,0.0206492795575,5.26784270875,6872.27654779,1.74313968823
0.575665704875,1065.59439545,0.389243511243,0.0212323722682,5.26827195276,6870.55797527,1.74274094531
0.576739968913,1065.59480169,0.390366195968,0.0218123319519,5.26871306652,6868.839308,1.74234341079
0.577814232951,1065.59520792,0.391484458624,0.0223884034341,5.2691656606,6867.12253213,1.74194757812
0.57888849699,1065.59561416,0.392597003793,0.0229598811834,5.26962935129,6865.40950955,1.74155390907
0.579962761028,1065.5960204,0.393702323306,0.0235259424379,5.2701037614,6863.7024011,1.7411629414
0.581037025066,1065.59642663,0.39479874097,0.0240848907416,5.27058852088,6862.00099708,1.74077533895
0.582111289104,1065.59683287,0.395884040971,0.024636261795,5.27108326741,6860.31095291,1.74039182874
0.583185553143,1065.59723911,0.39695616098,0.0251789631394,5.27158764676,6858.63532362,1.74001314333
0.584259817181,1065.59764534,0.398013142799,0.0257119257445,5.27210131308,6856.97690074,1.73963998098
0.585334081219,1065.59805158,0.399053142713,0.0262341431557,5.27262392918,6855.33830948,1.73927299911
0.586408345258,1065.59845782,0.400074329821,0.0267446156158,5.27315516659,6853.7221531,1.7389128506
0.587482609296,1065.59886405,0.401075007722,0.0272424178894,5.27369470568,6852.13084375,1.73856014027
0.588556873335,1065.59927029,0.402053664891,0.0277267272255,5.27424223564,6850.56653237,1.7382154069
0.589631137373,1065.59967652,0.403008733223,0.0281966894885,5.27479745449,6849.03144709,1.73787920947
0.590705401411,1065.60008276,0.403938471844,0.0286513547229,5.27536006899,6847.52805574,1.7375521687
0.59177966545,1065.600489,0.404841221074,0.0290895292192,5.27592979457,6846.05775131,1.73723490074
0.592853929488,1065.60089523,0.405715445619,0.029510242615,5.27650635518,6844.62226502,1.73692796424
0.593928193526,1065.60130147,0.406559715966,0.0299131447173,5.27708948322,6843.22504275,1.73663183249
0.595002457564,1065.60170771,0.407372991962,0.0302976716117,5.27767891931,6841.86755718,1.73634687605
0.596076721603,1065.60211394,0.408154463862,0.0306633858389,5.27827441222,6840.55095382,1.73607338325
0.597150985641,1065.60252018,0.408903545936,0.0310099732693,5.27887571865,6839.27606179,1.73581156246
0.598225249679,1065.60292642,0.40961999257,0.0313373076808,5.27948260308,6838.04323267,1.7355615006
0.599299513717,1065.60333265,0.410303893296,0.0316454480821,5.28009483759,6836.85234824,1.73532316487
0.600373777756,1065.60373889,0.410955432235,0.0319345055608,5.2807122017,6835.70315765,1.73509648871
0.601448041794,1065.60414513,0.411574757777,0.0322045712669,5.28133448219,6834.59546036,1.73488141834
0.602522305832,1065.60455136,0.412162094825,0.0324557786578,5.28196147291,6833.52894939,1.73467787266
0.60359656987,1065.6049576,0.412717818484,0.0326883442514,5.28259297464,6832.50310818,1.73448571691
0.604670833909,1065.60536383,0.413242486926,0.0329023857335,5.2832287949,6831.51650298,1.7343047679
0.605745097947,1065.60577007,0.413736800886,0.0330981107882,5.2838687478,6830.56753918,1.73413479057
0.606819361986,1065.60617631,0.414201417629,0.0332762882176,5.2845126539,6829.65661938,1.73397551581
0.607893626023,1065.60658254,0.414637133883,0.0334373687473,5.28516034,6828.78264444,1.73382665819
0.608967890062,1065.60698878,0.415044860154,0.0335818662157,5.28581163905,6827.94435784,1.73368789161
0.6100421541,1065.60739502,0.415425618355,0.0337103563914,5.28646638999,6827.14034943,1.73355885017
0.611116418139,1065.60780125,0.415780372892,0.0338233836084,5.28712443758,6826.36929199,1.73343918846
0.612190682177,1065.60820749,0.416109956839,0.0339214197433,5.28778563233,6825.63004375,1.73332860798
0.613264946215,1065.60861373,0.4164151459,0.0340049049336,5.28844983031,6824.92154415,1.73322683071
0.614339210253,1065.60901996,0.41669669476,0.0340742677776,5.28911689305,6824.24276319,1.73313358613
0.615413474292,1065.6094262,0.41695534382,0.0341299291733,5.28978668746,6823.59269235,1.73304860882
0.61648773833,1065.60983243,0.417191822995,0.0341723042457,5.29045908566,6822.97033869,1.73297163709
0.617562002369,1065.61023867,0.417406856146,0.0342018046851,5.29113396491,6822.37471818,1.73290241143
0.618636266407,1065.61064491,0.417601170646,0.0342188442207,5.29181120753,6821.80484293,1.73284067105
0.619710530445,1065.61105114,0.417775512193,0.0342238469601,5.29249070075,6821.25970093,1.73278614862
0.620784794483,1065.61145738,0.417930722045,0.0342168615415,5.29317233664,6820.73673516,1.73273857895
0.621859058522,1065.61186362,0.4180674806,0.0341986455321,5.29385601204,6820.23624518,1.73269768671
0.62293332256,1065.61226985,0.418186574649,0.0341697085203,5.29454162846,6819.75737038,1.73266318455
0.624007586598,1065.61267609,0.418288728913,0.0341304633439,5.29522909201,6819.29913165,1.73263481261
0.625081850636,1065.61308233,0.418374547709,0.0340812563185,5.29591831329,6818.86071882,1.732612354
0.626156114675,1065.61348856,0.418444577997,0.0340224019098,5.29660920736,6818.44140187,1.73259561235
0.627230378713,1065.6138948,0.418499343977,0.0339542019547,5.29730169363,6818.04048282,1.73258439939
0.628304642751,1065.61430104,0.418539337509,0.0338769405746,5.29799569583,6817.65730978,1.73257853843
0.62937890679,1065.61470727,0.418565004147,0.0337908763744,5.29869114192,6817.29129618,1.73257786927
0.630453170828,1065.61511351,0.418576750232,0.0336962462209,5.299387964,6816.94191031,1.73258224576
0.631527434866,1065.61551974,0.418574951495,0.0335932700988,5.3000860983,6816.60866365,1.73259153265
0.632601698905,1065.61592598,0.418559953398,0.0334821514061,5.30078548512,6816.29111067,1.7326056055
0.633675962943,1065.61633222,0.418532071394,0.0333630770045,5.3014860687,6815.98884815,1.73262435058
0.634750226981,1065.61673845,0.418491595037,0.0332362194337,5.30218779725,6815.70150923,1.73264766341
0.635824491019,1065.61714469,0.418438802573,0.0331017450584,5.30289062285,6815.42874327,1.73267544355
0.636898755058,1065.61755093,0.418373949722,0.0329598078622,5.30359450139,6815.17023152,1.73270759859
0.637973019096,1065.61795716,0.418297253646,0.0328105404946,5.30429939256,6814.92570911,1.73274404988
0.639047283134,1065.6183634,0.41820895818,0.0326538446539,5.30500525974,6814.69406588,1.73278473011
0.640121547172,1065.61876964,0.41810921024,0.0324898911149,5.30571207,6814.47538869,1.73282957921
0.641195811211,1065.61917587,0.41799811969,0.0323189240736,5.30641979403,6814.27012496,1.73287854236
0.642270075249,1065.61958211,0.41787582615,0.0321410332166,5.30712840608,6814.07811824,1.73293156865
0.643344339287,1065.61998834,0.417742464092,0.0319563053605,5.30783788393,6813.89921926,1.73298860898
0.644418603325,1065.62039458,0.417598163573,0.0317648248578,5.30854820882,6813.73328494,1.73304961584
0.645492867364,1065.62080082,0.417443050713,0.0315666738954,5.30925936542,6813.5801778,1.73311454311
0.646567131402,1065.62120705,0.417277248561,0.0313619329828,5.30997134177,6813.43976481,1.7331833458
0.647641395441,1065.62161329,0.417100873805,0.0311506790969,5.31068412925,6813.31192186,1.73325598115
0.648715659479,1065.62201953,0.416914041738,0.0309329883749,5.31139772247,6813.19652661,1.73333240692
0.649789923517,1065.62242576,0.416716873378,0.0307089400032,5.3121121193,6813.09344844,1.73341257887
0.650864187556,1065.622832,0.416509399707,0.0304785632342,5.31282732077,6813.00268189,1.73349648487
0.651938451594,1065.62323824,0.416291522147,0.0302418155621,5.31354333099,6812.92440184,1.73358415911
0.653012715632,1065.62364447,0.41606320682,0.0299986902386,5.31426015716,6812.85869288,1.73367561267
0.65408697967,1065.62405071,0.415824616211,0.0297492890847,5.31497780948,6812.80536581,1.73377078649
0.655161243709,1065.62445695,0.415576028543,0.0294937779098,5.31569630108,6812.76407011,1.73386958017
0.656235507747,1065.62486318,0.415317746364,0.0292323360039,5.31641564797,6812.73442156,1.73397188465
0.657309771785,1065.62526942,0.415050074483,0.0289651439106,5.31713586899,6812.71603293,1.73407759003
0.658384035824,1065.62567565,0.414773321661,0.0286923843109,5.31785698573,6812.70851143,1.73418658501
0.659458299862,1065.62608189,0.41448780325,0.0284142434903,5.31857902246,6812.71145506,1.73429875594
0.6605325639,1065.62648813,0.414193841548,0.0281309115967,5.31930200609,6812.72445233,1.73441398671
0.661606827938,1065.62689436,0.413891809154,0.0278423912991,5.32002596703,6812.74631451,1.73453216146
0.662681091977,1065.6273006,0.41358178311,0.0275488225796,5.3207509423,6812.77725293,1.73465324442
0.663755356015,1065.62770684,0.413263525486,0.0272502162429,5.32147697712,6812.81806571,1.7347773085
0.664829620053,1065.62811307,0.412936953952,0.026946538226,5.32220412383,6812.86890399,1.7349043821
0.665903884091,1065.62851931,0.412602465522,0.026638019571,5.3229324406,6812.92925107,1.73503432247
0.66697814813,1065.62892555,0.412260744452,0.0263250501029,5.32366199022,6812.99818988,1.73516688422
0.668052412168,1065.62933178,0.411912503846,0.0260080355252,5.32439283888,6813.07476306,1.73530181172
0.669126676206,1065.62973802,0.411558415225,0.0256873585585,5.32512505505,6813.15807138,1.73543886414
0.670200940244,1065.63014425,0.411198856725,0.0253632396072,5.32585870851,6813.24762433,1.73557790549
0.671275204283,1065.63055049,0.41083378469,0.0250356657275,5.32659386939,6813.3435188,1.73571895038
0.672349468322,1065.63095673,0.410463266667,0.0247046855872,5.32733060748,6813.44569718,1.73586197374
0.673423732359,1065.63136296,0.410087927742,0.0243706563366,5.3280689915,6813.5533256,1.73600675134
0.674497996397,1065.6317692,0.409708726438,0.0240341195231,5.32880908865,6813.66510582,1.73615293986
0.675572260436,1065.63217544,0.409326456233,0.0236955252948,5.32955096417,6813.77996929,1.73630025493
0.676646524475,1065.63258167,0.408941560602,0.0233551301247,5.33029468103,6813.89733474,1.73644853723
0.677720788513,1065.63298791,0.408554455839,0.0230131754818,5.33104029978,6814.01665897,1.7365976371
0.678795052551,1065.63339415,0.408165818732,0.0226700469824,5.33178787834,6814.13703625,1.73674731188
0.679869316589,1065.63380038,0.407776397247,0.0223261695856,5.33253747205,6814.25746178,1.73689729347
0.680943580628,1065.63420662,0.40738675023,0.0219818635582,5.33328913359,6814.37719396,1.73704738131
0.682017844666,1065.63461286,0.406997318932,0.0216373840928,5.33404291311,6814.49565492,1.73719741688
0.683092108704,1065.63501909,0.406608524943,0.0212929755105,5.33479885829,6814.61229426,1.73734724865
0.684166372743,1065.63542533,0.406220707678,0.0209488366817,5.33555701449,6814.72667608,1.73749675445
0.685240636781,1065.63583156,0.405834139078,0.0206051291754,5.33631742489,6814.83845855,1.73764583622
0.686314900819,1065.6362378,0.405449105649,0.0202620225883,5.33708013069,6814.94727953,1.73779439068
0.687389164857,1065.63664404,0.405065902578,0.0199195456059,5.3378451713,6815.05228644,1.73794232382
0.688463428896,1065.63705027,0.404684707938,0.019577739201,5.33861258452,6815.15304288,1.73808957693
0.689537692934,1065.63745651,0.404305580558,0.0192368560844,5.33938240682,6815.25019014,1.73823611032
0.690611956972,1065.63786275,0.403928626845,0.0188969656992,5.34015467348,6815.34361522,1.7383818851
0.69168622101,1065.63826898,0.403553927522,0.0185581231087,5.34092941892,6815.43324031,1.73852687155
0.692760485049,1065.63867522,0.403181557999,0.0182203803542,5.34170667689,6815.51899475,1.73867104186
0.693834749087,1065.63908146,0.402811645154,0.0178838178719,5.34248648074,6815.60073604,1.73881434986
0.694909013125,1065.63948769,0.402444334446,0.0175485262106,5.34326886373,6815.67829527,1.73895674274
0.695983277163,1065.63989393,0.402079729408,0.0172145725867,5.34405385928,6815.75156148,1.73909818268
0.697057541202,1065.64030016,0.401717922932,0.0168820183195,5.3448415013,6815.8204385,1.73923863566
0.69813180524,1065.6407064,0.401359058216,0.0165509525401,5.34563182456,6815.88476014,1.73937804971
0.699206069278,1065.64111264,0.401003305027,0.0162214789272,5.34642486499,6815.94432278,1.73951636337
0.700280333316,1065.64151887,0.400650802156,0.0158936838672,5.34722066017,6815.99896542,1.73965352624
0.701354597355,1065.64192511,0.400301683151,0.0155676507817,5.34801924921,6816.04853421,1.73978948984
0.702428861393,1065.64233135,0.399956139563,0.0152434951101,5.34882067095,6816.0927944,1.73992418494
0.703503125431,1065.64273758,0.399614380183,0.0149213416953,5.34962496225,6816.13148687,1.74005753619
0.70457738947,1065.64314382,0.399276587846,0.0146013008608,5.35043215781,6816.16438816,1.7401894775
0.705651653508,1065.64355006,0.398942925131,0.0142834716549,5.35124228996,6816.19130278,1.74031995006
0.706725917547,1065.64395629,0.3986135795,0.0139679668545,5.35205538866,6816.21200059,1.74044888613
0.707800181585,1065.64436253,0.398288756336,0.0136549091067,5.35287148129,6816.22622644,1.7405762116
0.708874445623,1065.64476877,0.39796864095,0.0133444098752,5.35369059261,6816.2337529,1.74070185954
0.709948709662,1065.645175,0.397653401731,0.0130365711857,5.35451274463,6816.23437589,1.74082576905
0.7110229737,1065.64558124,0.397343319316,0.0127311256127,5.35533795656,6816.2263196,1.74094787577
0.712097237738,1065.64598747,0.39703847954,0.0124285466486,5.3561662447,6816.21086347,1.7410681129
0.713171501776,1065.64639371,0.396739053182,0.0121289461773,5.35699762238,6816.18782829,1.74118641798
0.714245765815,1065.64679995,0.396445204884,0.0118324239656,5.3578320999,6816.15701486,1.74130273148
0.715320029853,1065.64720618,0.396157096111,0.0115390780527,5.35866968449,6816.11822857,1.74141699499
0.716394293891,1065.64761242,0.395874883363,0.0112490037276,5.35951038023,6816.07128175,1.7415291519
0.717468557929,1065.64801866,0.395598709268,0.0109622885185,5.36035418807,6816.01600581,1.74163915052
0.718542821968,1065.64842489,0.395328692884,0.0106790068484,5.36120110577,6815.9522648,1.74174694763
0.719617086006,1065.64883113,0.395064933971,0.0103992224729,5.36205112789,6815.87994965,1.74185250687
0.720691350044,1065.64923737,0.394807533599,0.0101229998664,5.3629042458,6815.79894952,1.74195579142
0.721765614082,1065.6496436,0.394556604612,0.00985040995701,5.36376044767,6815.70913707,1.74205676027
0.722839878121,1065.65004984,0.394312248308,0.00958151720446,5.36461971849,6815.61040081,1.74215537653
0.723914142159,1065.65045607,0.394074545044,0.00931637440936,5.3654820401,6815.50265815,1.7422516108
0.724988406197,1065.65086231,0.393843557908,0.00905502477981,5.36634739119,6815.38585044,1.74234543985
0.726062670235,1065.65126855,0.393619341163,0.00879750670433,5.36721574738,6815.25993154,1.7424368436
0.727136934274,1065.65167478,0.393401947669,0.00854385791408,5.36808708124,6815.12485768,1.74252580246
0.728211198312,1065.65208102,0.393191423414,0.00829411238671,5.36896136234,6814.98059487,1.74261229927
0.72928546235,1065.65248726,0.392987797481,0.00804829466826,5.36983855733,6814.82713235,1.74269632296
0.730359726389,1065.65289349,0.392791170202,0.00780609434802,5.37071862998,6814.66313397,1.74277786872
0.731433990427,1065.65329973,0.392601488085,0.00756771484391,5.37160154129,6814.4894397,1.74285693592
0.732508254465,1065.65370597,0.392418705698,0.00733328315123,5.37248724952,6814.30661315,1.74293352787
0.733582518504,1065.6541122,0.392242812036,0.00710280170158,5.3733757103,6814.11469958,1.74300764779
0.734656782542,1065.65451844,0.392073801501,0.006876275707,5.3742668767,6813.91373609,1.74307929698
0.735731046581,1065.65492468,0.391911664641,0.00665370810376,5.37516069935,6813.70376464,1.74314847813
0.736805310619,1065.65533091,0.391756392058,0.00643510191427,5.37605712649,6813.48482735,1.7432151939
0.737879574657,1065.65573715,0.391607987759,0.00622046759657,5.37695610408,6813.25694779,1.74327944218
0.738953838695,1065.65614338,0.391466448983,0.00600981172152,5.37785757591,6813.02015851,1.74334122327
0.740028102734,1065.65654962,0.391331754748,0.00580313065218,5.37876148369,6812.7745169,1.74340054399
0.741102366772,1065.65695586,0.391203868517,0.00560041213707,5.37966776713,6812.52010197,1.74345741672
0.74217663081,1065.65736209,0.391082747772,0.00540164063505,5.38057636406,6812.25700104,1.74351185597
0.743250894848,1065.65776833,0.390968356928,0.00520680442941,5.38148721053,6811.98529181,1.7435638738
0.744325158887,1065.65817457,0.390860656055,0.00501588936942,5.38240024091,6811.70505789,1.74361348378
0.745399422925,1065.6585808,0.390759589186,0.00482887236056,5.38331538797,6811.4164049,1.74366070524
0.746473686963,1065.65898704,0.390665081046,0.0046457195654,5.384232583,6811.11946503,1.74370556442
0.747547951001,1065.65939328,0.390577123444,0.0044660418745,5.3851517559,6810.81299421,1.74374809689
0.74862221504,1065.65979951,0.390495555889,0.00428995297393,5.38607283526,6810.4978798,1.74378834277
0.749696479078,1065.66020575,0.390420227106,0.00411756917944,5.3869957485,6810.17498796,1.74382633915
0.750770743117,1065.66061198,0.390351052548,0.00394885119809,5.3879204219,6809.84446252,1.74386211557
0.751845007154,1065.66101822,0.390287986111,0.00378378082001,5.38884678075,6809.50639338,1.7438956879
0.752919271193,1065.66142446,0.390231013536,0.0036223572191,5.38977474938,6809.16082552,1.74392706062
0.753993535231,1065.66183069,0.390180115325,0.00346457652432,5.39070425131,6808.80781069,1.74395624014
0.75506779927,1065.66223693,0.390135253176,0.00331042443216,5.39163520928,6808.44742658,1.74398323953
0.756142063308,1065.66264317,0.390096383106,0.00315988343445,5.39256754535,6808.07975859,1.74400807394
0.757216327346,1065.6630494,0.390063475386,0.00301294377256,5.39350118096,6807.70487185,1.74403075342
0.758290591384,1065.66345564,0.390036503484,0.00286959736248,5.39443603706,6807.32282676,1.74405128689
0.759364855423,1065.66386188,0.390015424007,0.00272982679103,5.39537203411,6806.93370708,1.7440696893
0.760439119461,1065.66426811,0.390000167615,0.00259360030754,5.3963090922,6806.53763253,1.74408598485
0.761513383499,1065.66467435,0.38999063566,0.00246086992093,5.39724713109,6806.13476333,1.74410020822
0.762587647537,1065.66508059,0.389986743488,0.00233148816956,5.39818607029,6805.72489032,1.74411239819
0.763661911576,1065.66548682,0.389988482729,0.00220502994645,5.39912582911,6805.30665517,1.74412259344
0.764736175614,1065.66589306,0.389995636435,0.00208191026482,5.40006632671,6804.88210677,1.74413082605
0.765810439653,1065.66629929,0.390008169972,0.00196211586954,5.4010074822,6804.45131423,1.74413710789
0.766884703691,1065.66670553,0.390026076447,0.00184564858359,5.40194921463,6804.01430739,1.74414144094
0.767958967729,1065.66711177,0.390049332836,0.00173250108732,5.40289144308,6803.57113769,1.74414383297
0.769033231767,1065.667518,0.390077892096,0.00162265274773,5.40383408672,6803.1218897,1.74414430032
0.770107495806,1065.66792424,0.390111708298,0.0015160835698,5.40477706479,6802.66664651,1.74414285895
0.771181759844,1065.66833048,0.390150735932,0.00141277370098,5.40572029673,6802.20549031,1.74413952466
0.772256023883,1065.66873671,0.390194908831,0.00131269178155,5.40666370216,6801.73853157,1.74413432063
0.773330287921,1065.66914295,0.390244130213,0.00121578952929,5.40760720093,6801.26592314,1.74412728099
0.774404551959,1065.66954919,0.390298280861,0.00112200627654,5.40855071319,6800.78784892,1.74411844787
0.775478815997,1065.66995542,0.390357241399,0.00103128124992,5.40949415936,6800.30449288,1.74410786346
0.776553080036,1065.67036166,0.390420905946,0.000943561039762,5.41043746024,6799.81601994,1.74409556513
0.777627344074,1065.67076789,0.390489326932,0.000858367552864,5.41138053699,6799.320708,1.74408157723
0.778701608112,1065.67117413,0.390562400499,0.000775990126426,5.41232331114,6798.81983214,1.74406590739
0.77977587215,1065.67158037,0.390640074381,0.000696570179216,5.41326570471,6798.31402091,1.74404855983
0.780850136189,1065.6719866,0.390722313899,0.000620092861157,5.41420764011,6797.80333789,1.74402954657
0.781924400227,1065.67239284,0.390809068861,0.000546534467524,5.41514904028,6797.2878672,1.74400888519
0.782998664265,1065.67279908,0.390900288886,0.000475871031224,5.41608982864,6796.76769266,1.74398659335
0.784072928303,1065.67320531,0.390995908827,0.000408070525763,5.41702992912,6796.24291882,1.74396269397
0.785147192342,1065.67361155,0.39109582859,0.00034308172711,5.41796926621,6795.71369891,1.74393722246
0.78622145638,1065.67401779,0.391199911617,0.000280833238053,5.41890776495,6795.18023647,1.74391022724
0.787295720418,1065.67442402,0.391308007824,0.000221246094849,5.41984535098,6794.64275334,1.74388176156
0.788369984456,1065.67483026,0.39141997626,0.000164246242022,5.4207819505,6794.1014582,1.74385187542
0.789444248495,1065.6752365,0.391535713994,0.000109780465189,5.42171749034,6793.55650645,1.74382060527
0.790518512533,1065.67564273,0.391655195494,5.78016166369e-05,5.42265189795,6793.00782715,1.74378796304
0.791592776571,1065.67604897,0.391778568909,7.76743815101e-06,5.4235851014,6792.45318918,1.74375394884
0.79266704061,1065.6764552,0.391905651786,-3.97583439496e-05,5.42451702943,6791.89500546,1.74371857137
0.793741304648,1065.67686144,0.392036390781,-8.48026285212e-05,5.42544761141,6791.33335917,1.74368184946
0.794815568687,1065.67726768,0.392170731215,-0.000127393005107,5.4263767774,6790.76833542,1.74364380243
0.795889832725,1065.67767391,0.392308608311,-0.000167562624734,5.4273044581,6790.20003332,1.74360445316
0.796964096763,1065.67808015,0.392449920106,-0.000205365311378,5.42823058494,6789.6286029,1.74356383787
0.798038360802,1065.67848639,0.392594541084,-0.000240867958844,5.42915508998,6789.05422648,1.74352200116
0.79911262484,1065.67889262,0.392742367783,-0.000274125225943,5.43007790602,6788.47705598,1.74347897976
0.800186888878,1065.67929886,0.392893352626,-0.000305160916378,5.43099896653,6787.89716596,1.74343479044
0.801261152916,1065.6797051,0.393047525003,-0.000333956448053,5.4319182057,6787.31452415,1.74338942252
0.802335416955,1065.68011133,0.393204984699,-0.000360454581437,5.43283555841,6786.72900028,1.74334284019
0.803409680993,1065.68051757,0.393365868856,-0.000384577810976,5.43375096026,6786.14041135,1.74329499433
0.804483945031,1065.6809238,0.393530427444,-0.000406707121587,5.43466434754,6785.54673071,1.74324583977
0.805558209069,1065.68133004,0.393698643687,-0.000426515926131,5.43557565728,6784.94907175,1.743195354
0.806632473108,1065.68173628,0.39387047153,-0.00044384386142,5.4364848272,6784.34810134,1.74314353765
0.807706737146,1065.68214251,0.394045851745,-0.000458722572164,5.43739179574,6783.74390571,1.7430904118
0.808781001184,1065.68254875,0.394224679454,-0.000471208966025,5.43829650205,6783.13663391,1.7430360138
0.809855265222,1065.68295499,0.394406865309,-0.000481351189625,5.43919888597,6782.52641407,1.74298037545
0.810929529261,1065.68336122,0.394592381267,-0.000489163415888,5.44009888809,6781.91328998,1.74292350665
0.812003793299,1065.68376746,0.394781275256,-0.000494617944121,5.44099644966,6781.29720027,1.74286539019
0.813078057337,1065.6841737,0.394973704307,-0.000497626977076,5.44189151268,6780.67793249,1.74280596991
0.814152321375,1065.68457993,0.395169917049,-0.000498052347986,5.44278401982,6780.05514718,1.74274515695
0.815226585414,1065.68498617,0.395370203101,-0.000495733494107,5.44367391446,6779.42844771,1.74268284787
0.816300849452,1065.6853924,0.39557483051,-0.000490521924335,5.44456114066,6778.79746691,1.74261894692
0.81737511349,1065.68579864,0.395784079147,-0.000482667543754,5.44544564321,6778.16051237,1.74255338855
0.818449377529,1065.68620488,0.395997980389,-0.000472042629252,5.44632736753,6777.51789997,1.74248615217
0.819523641567,1065.68661111,0.396216402903,-0.000458425733476,5.44720625976,6776.87076301,1.7424172597
0.820597905605,1065.68701735,0.396439238677,-0.000441876223518,5.44808226672,6776.21925284,1.74234674968
0.821672169643,1065.68742359,0.396666425663,-0.000422427861471,5.44895533586,6775.56345806,1.74227464422
0.822746433682,1065.68782982,0.396898005662,-0.000400057054418,5.44982541535,6774.90332405,1.74220092835
0.823820697721,1065.68823606,0.397134130537,-0.000374679535793,5.45069245399,6774.23864418,1.74212554781
0.824894961759,1065.6886423,0.39737506197,-0.000346150528637,5.45155640125,6773.56906007,1.74204840917
0.825969225797,1065.68904853,0.397621127494,-0.000314289119878,5.45241720723,6772.89412209,1.74196939546
0.827043489835,1065.68945477,0.397872651931,-0.000278916124093,5.4532748227,6772.21338383,1.74188839074
0.828117753874,1065.68986101,0.398129894986,-0.000239888458426,5.45412919906,6771.52648841,1.7418053023
0.829192017912,1065.69026724,0.398393003899,-0.00019712525261,5.45498028833,6770.83323373,1.74172007763
0.83026628195,1065.69067348,0.398662069126,-0.00015090316665,5.45582804316,6770.13244425,1.74163271218
0.831340545988,1065.69107971,0.398937042917,-0.000101285207271,5.45667241684,6769.42407065,1.74154322612
0.832414810027,1065.69148595,0.399217818497,-4.79684268102e-05,5.45751336324,6768.70942964,1.74145162682
0.833489074065,1065.69189219,0.399504473735,9.08992276305e-06,5.45835083686,6767.98841547,1.7413578865
0.834563338103,1065.69229842,0.399797175158,6.9981672638e-05,5.45918479278,6767.26080081,1.7412619457
0.835637602141,1065.69270466,0.400096165875,0.000134841028975,5.4600151867,6766.52625331,1.74116371765
0.83671186618,1065.6931109,0.400401750343,0.00020383592665,5.46084197488,6765.78435594,1.74106309365
0.837786130218,1065.69351713,0.40071423428,0.00027713467607,5.46166511418,6765.03468914,1.7409599646
0.838860394256,1065.69392337,0.4010338491,0.000354864302231,5.46248456203,6764.27693505,1.74085424794
0.839934658294,1065.69432961,0.401360728679,0.000437097885663,5.4633002764,6763.51090992,1.74074589595
0.841008922333,1065.69473584,0.401694922239,0.000523861816686,5.46411221586,6762.73654678,1.74063489112
0.842083186371,1065.69514208,0.40203643013,0.000615155676752,5.46492033951,6761.95384649,1.74052123339
0.843157450409,1065.69554831,0.402385339426,0.000710741185979,5.46572460698,6761.16177179,1.74040491602
0.844231714448,1065.69595455,0.402741766489,0.000810576890054,5.46652497848,6760.35982693,1.74028590645
0.845305978486,1065.69636079,0.403105757768,0.000915079280856,5.46732141472,6759.54920875,1.74016415487
0.846380242524,1065.69676702,0.403477477339,0.00102433872556,5.46811387694,6758.72969455,1.74003960272
0.847454506562,1065.69717326,0.403857124873,0.00113846523863,5.46890232693,6757.90101283,1.73991217874
0.848528770601,1065.6975795,0.404244888184,0.00125756206432,5.46968672695,6757.0629079,1.73978181592
0.84960303464,1065.69798573,0.40464087572,0.00138168845488,5.4704670398,6756.21523274,1.73964847559
0.850677298677,1065.69839197,0.405045112525,0.00151085756906,5.47124322876,6755.35795492,1.73951214887
0.851751562715,1065.69879821,0.405457579893,0.0016450584292,5.47201525761,6754.4911022,1.73937284249
0.852825826754,1065.69920444,0.405878239912,0.00178426951331,5.47278309062,6753.61472894,1.73923057005
0.853900090793,1065.69961068,0.406307053436,0.00192846871184,5.47354669255,6752.72889151,1.73908534557
0.854974354831,1065.70001692,0.40674400375,0.00207764636898,5.47430602861,6751.83361566,1.73893717504
0.856048618869,1065.70042315,0.407189153528,0.00223151646129,5.4750610645,6750.92779169,1.73878606337
0.857122882907,1065.70082939,0.407642494882,0.00239004982117,5.47581176638,6750.01135603,1.73863201549
0.858197146946,1065.70123562,0.40814560642,0.0026641704187,5.47655810086,6749.08548489,1.73847501866
0.859271410984,1065.70164186,0.408657875923,0.00294584975547,5.47730003502,6748.15010074,1.73831505177
0.860345675022,1065.7020481,0.409178764311,0.00323369929492,5.47803753636,6747.2052358,1.73815212232
0.86141993906,1065.70245433,0.409708156956,0.00352764136394,5.47877057284,6746.25104156,1.73798626887
0.862494203099,1065.70286057,0.410245915085,0.00382758194633,5.47949911285,6745.28770053,1.73781753806
0.863568467137,1065.70326681,0.410791870146,0.00413340686988,5.48022312519,6744.31543344,1.73764598659
0.864642731175,1065.70367304,0.411345837705,0.00444499128867,5.48094257911,6743.33448163,1.73747167647
0.865716995213,1065.70407928,0.411907651934,0.00476222304983,5.48165744427,6742.3450628,1.73729466341
0.866791259252,1065.70448552,0.412477141469,0.00508498640598,5.48236769073,6741.3474023,1.737115005
0.86786552329,1065.70489175,0.413054198084,0.00541320849369,5.48307328898,6740.34164477,1.73693273753
0.868939787328,1065.70529799,0.413638973026,0.00574669620083,5.48377420989,6739.32634997,1.73674786583
0.870014051367,1065.70570422,0.41423131263,0.00608547828342,5.48447042473,6738.30228175,1.73656041654
0.871088315405,1065.70611046,0.414830906158,0.00642950945483,5.48516190518,6737.27054147,1.73637046302
0.872162579443,1065.7065167,0.41543749541,0.00677861552774,5.4858486233,6736.23146692,1.73617809198
0.873236843481,1065.70692293,0.41605084357,0.00713263676965,5.48653055151,6735.18536813,1.73598338294
0.87431110752,1065.70732917,0.416670709724,0.00749141065932,5.48720766264,6734.13256011,1.73578641679
0.875385371558,1065.70773541,0.417296888572,0.00785479877963,5.48787992988,6733.07331194,1.73558726247
0.876459635596,1065.70814164,0.417929227732,0.00822269853787,5.48854732677,6732.00782461,1.7353859711
0.877533899635,1065.70854788,0.418567609354,0.00859503077377,5.48920982724,6730.93625489,1.7351825822
0.878608163673,1065.70895412,0.41921196869,0.00897175234861,5.48986740557,6729.85869166,1.7349771174
0.879682427711,1065.70936035,0.419862235001,0.00935281616946,5.49052003639,6728.77523183,1.73476960035
0.880756691749,1065.70976659,0.420518267301,0.00973812769782,5.49116769468,6727.68606281,1.73456007829
0.881830955788,1065.71017283,0.421180040509,0.0101273287458,5.49181035577,6726.58978164,1.73434862387
0.882905219826,1065.71057906,0.421847183147,0.0105204147309,5.49244799533,6725.48790859,1.73413531553
0.883979483865,1065.7109853,0.422519428043,0.010917303525,5.49308058935,6724.38120467,1.73392022453
0.885053747903,1065.71139153,0.423196589576,0.0113178702222,5.49370811419,6723.26991312,1.73370341313
0.886128011941,1065.71179777,0.423878522956,0.0117220174775,5.49433054649,6722.15422436,1.73348492991
0.887202275979,1065.71220401,0.424565115688,0.0121296697597,5.49494786326,6721.0342871,1.73326481258
0.888276540018,1065.71261024,0.425256254154,0.0125407507985,5.49556004181,6719.91025147,1.73304309923
0.889350804056,1065.71301648,0.425951815595,0.0129551781939,5.49616705976,6718.78227941,1.73281983102
0.890425068094,1065.71342272,0.42665171546,0.0133728954267,5.49676889505,6717.65048394,1.73259503624
0.891499332132,1065.71382895,0.427355936043,0.0137938911745,5.49736552593,6716.51489218,1.73236872074
0.892573596171,1065.71423519,0.428064466386,0.0142181586552,5.49795693095,6715.37552249,1.73214088808
0.893647860209,1065.71464143,0.428777249909,0.0146456602307,5.49854308897,6714.23245172,1.73191155717
0.894722124248,1065.71504766,0.429494356193,0.015076130768,5.49912397914,6713.08428178,1.73168076335
0.895796388286,1065.7154539,0.430215574564,0.0155096393028,5.4996995809,6711.93217325,1.73144853764
0.896870652324,1065.71586013,0.430940798588,0.0159462178946,5.50026987399,6710.77670086,1.73121489627
0.897944916362,1065.71626637,0.431669954777,0.0163858173114,5.50083483844,6709.61796217,1.73097986386
0.899019180401,1065.71667261,0.432402861012,0.0168283149545,5.50139445455,6708.4561942,1.73074350153
0.900093444439,1065.71707884,0.433139260697,0.0172735379911,5.50194870291,6707.29172973,1.73050589541
0.901167708477,1065.71748508,0.433878866804,0.0177212930989,5.50249756439,6706.12494062,1.73026714183
0.902241972515,1065.71789132,0.434621398819,0.0181713914086,5.50304102011,6704.95619032,1.73002733495
0.903316236554,1065.71829755,0.435366667551,0.0186237057811,5.50357905151,6703.78572496,1.72978653822
0.904390500592,1065.71870379,0.436114638647,0.0190782136707,5.50411164026,6702.61359183,1.72954476307
0.90546476463,1065.71911003,0.436865400212,0.0195349751988,5.5046387683,6701.4396809,1.7293019798
0.906539028668,1065.71951626,0.437619105247,0.019994094266,5.50516041786,6700.26379873,1.7290581369
0.907613292707,1065.7199225,0.438376019298,0.0204555557003,5.5056765714,6699.08479201,1.72881318172
0.908687556745,1065.72032874,0.439136235595,0.0209194225614,5.50618721165,6697.90254321,1.72856708292
0.909761820783,1065.72073497,0.439899638934,0.0213858144742,5.50669232161,6696.71802665,1.72831984211
0.910836084822,1065.72114121,0.440666143138,0.0218546737229,5.50719188451,6695.53135564,1.72807148819
0.91191034886,1065.72154744,0.441435551388,0.0223258679324,5.50768588383,6694.34278545,1.72782208717
0.912984612898,1065.72195368,0.442207557793,0.0227991911247,5.50817430333,6693.15271119,1.72757174173
0.914058876937,1065.72235992,0.442981791936,0.0232743937902,5.50865712697,6691.96161051,1.7273205762
0.915133140975,1065.72276615,0.443757874805,0.0237512206373,5.509134339,6690.76997181,1.72706871781
0.916207405014,1065.72317239,0.444535465024,0.0242294417904,5.50960592388,6689.57823487,1.72681628115
0.917281669052,1065.72357863,0.445314346652,0.0247089120735,5.51007186633,6688.38667845,1.72656333864
0.91835593309,1065.72398486,0.446094486607,0.0251896097604,5.51053215131,6687.19534679,1.72630990132
0.919430197128,1065.7243911,0.446875985598,0.0256716033915,5.51098676399,6686.00411246,1.72605593525
0.920504461167,1065.72479734,0.447659012318,0.0261550073406,5.51143568983,6684.81276081,1.72580138369
0.921578725205,1065.72520357,0.448443969322,0.0266397405592,5.51187891447,6683.61930705,1.72554617764
0.922652989243,1065.72560981,0.449230831582,0.0271261287283,5.51231642382,6682.4252102,1.72529026123
0.923727253281,1065.72601604,0.450019663138,0.0276142283284,5.51274820401,6681.2304432,1.72503361046
0.92480151732,1065.72642228,0.450810450262,0.0281040305109,5.51317424139,6680.03502519,1.72477622989
0.925875781358,1065.72682852,0.451603150749,0.0285955072727,5.51359452255,6678.83901201,1.72451813361
0.926950045396,1065.72723475,0.452397713488,0.0290886246782,5.51400903431,6677.6424712,1.72425933871
0.928024309434,1065.72764099,0.453194030928,0.0295833107457,5.51441776371,6676.44554263,1.7239998812
0.929098573473,1065.72804723,0.453991908903,0.0300794350558,5.51482069802,6675.248477,1.72373982622
0.930172837511,1065.72845346,0.454791083974,0.0305768204492,5.51521782473,6674.0516135,1.72347926213
0.931247101549,1065.7288597,0.455591239542,0.0310752538807,5.51560913156,6672.85535899,1.72321829518
0.932321365587,1065.72926594,0.456392067517,0.0315745280867,5.51599460646,6671.66010928,1.72295702876
0.933395629626,1065.72967217,0.457193352116,0.0320744981982,5.51637423758,6670.46614229,1.72269553521
0.934469893664,1065.73007841,0.457995034607,0.0325750926123,5.51674801333,6669.2733992,1.72243384027
0.935544157702,1065.73048465,0.458797302823,0.0330761627633,5.51711592232,6668.08049743,1.72217193248
0.936618421741,1065.73089088,0.459600060004,0.033577955229,5.51747795339,6666.88885298,1.72190978589
0.937692685779,1065.73129712,0.460403397754,0.0340805326841,5.5178340956,6665.698351,1.72164736958
0.938766949817,1065.73170335,0.461207443224,0.0345839817824,5.51818433823,6664.50883129,1.7213846407
0.939841213855,1065.73210959,0.462012326571,0.0350883911624,5.5185286708,6663.32012976,1.72112155541
0.940915477894,1065.73251583,0.462818120702,0.0355938107753,5.51886708305,6662.13215531,1.72085808908
0.941989741933,1065.73292206,0.46362485723,0.0361002626792,5.51919956491,6660.94486956,1.72059423097
0.943064005971,1065.7333283,0.464432630393,0.0366078112504,5.51952610659,6659.75815444,1.72032994932
0.944138270008,1065.73373454,0.46524161424,0.037116574785,5.51984669847,6658.57179034,1.72006518551
0.945212534047,1065.73414077,0.466051944482,0.0376266457126,5.52016133118,6657.38560677,1.71979989383
0.946286798086,1065.73454701,0.466863637939,0.0381380362256,5.52046999559,6656.19958504,1.71953406846
0.947361062124,1065.73495325,0.467676594116,0.0386506793555,5.52077268276,6655.01385617,1.71926774304
0.948435326162,1065.73535948,0.468490597979,0.0391644308152,5.52106938401,6653.82869703,1.71900098965
0.9495095902,1065.73576572,0.46930549094,0.0396788990538,5.52136009086,6652.64313461,1.71873391487
0.950583854239,1065.73617195,0.470120749329,0.0401939806234,5.52164479508,6651.45886788,1.71846664777
0.951658118277,1065.73657819,0.470935973969,0.040709444411,5.52192348866,6650.2765622,1.71819931531
0.952732382315,1065.73698443,0.471750891127,0.0412251064806,5.52219616383,6649.09656795,1.71793200928
0.953806646353,1065.73739066,0.472565375431,0.0417408829876,5.52246281305,6647.91904608,1.71766477169
0.954880910392,1065.7377969,0.473379441863,0.0422567847651,5.52272342903,6646.74397845,1.71739759737
0.95595517443,1065.73820314,0.474193206711,0.0427728909498,5.52297800469,6645.57121766,1.71713044717
0.957029438468,1065.73860937,0.475006840131,0.0432893169507,5.52322653322,6644.40054749,1.71686326384
0.958103702506,1065.73901561,0.475820553212,0.0438062057446,5.52346900804,6643.23169957,1.7165959764
0.959177966545,1065.73942185,0.476634588754,0.044323721667,5.52370542281,6642.06436515,1.71632850321
0.960252230583,1065.73982808,0.477449162462,0.0448420107113,5.52393577145,6640.89827001,1.71606077177
0.961326494621,1065.74023432,0.478264416931,0.0453611694867,5.52416004811,6639.73323295,1.71579273411
0.96240075866,1065.74064056,0.479080449161,0.0458812638424,5.5243782472,6638.56913097,1.71552435761
0.963475022698,1065.74104679,0.47989743774,0.0464022914689,5.5245903634,6637.40523095,1.71525560527
0.964549286736,1065.74145303,0.480715539333,0.0469243013055,5.52479639163,6636.24109982,1.7149864351
0.965623550774,1065.74185926,0.481534752449,0.0474474743464,5.52499632706,6635.07748683,1.71471681358
0.966697814813,1065.7422655,0.482355111511,0.0479718344201,5.52519016514,6633.91434978,1.71444672903
0.967772078851,1065.74267174,0.483176576939,0.0484973554771,5.52537790159,6632.7517408,1.71417619465
0.968846342889,1065.74307797,0.483999045038,0.0490239682525,5.52555953239,6631.58979371,1.71390524516
0.969920606927,1065.74348421,0.484822330352,0.0495515483194,5.5257350538,6630.42874611,1.71363394272
0.970994870966,1065.74389045,0.48564616517,0.0500799157332,5.52590446236,6629.26893994,1.71336237714
0.972069135005,1065.74429668,0.486470239301,0.0506088618689,5.52606775488,6628.11077074,1.71309065251
0.973143399043,1065.74470292,0.487294254144,0.0511381858935,5.52622492848,6626.95461896,1.71281886901
0.97421766308,1065.74510916,0.488117977404,0.0516677316874,5.52637598056,6625.80078042,1.71254710457
0.975291927119,1065.74551539,0.488941287743,0.052197417969,5.52652090883,6624.64940971,1.71227539986
0.976366191158,1065.74592163,0.489764160764,0.0527272288069,5.5266597113,6623.50053802,1.71200376298
0.977440455196,1065.74632786,0.490586617225,0.0532571786361,5.52679238628,6622.35413875,1.7117321869
0.978514719234,1065.7467341,0.491408832424,0.0537871713683,5.52691893242,6621.20911035,1.71146065282
0.979588983272,1065.74714034,0.492230816752,0.0543173556953,5.52703934866,6620.06601813,1.71118913079
0.980663247311,1065.74754657,0.493052629869,0.0548478463759,5.5271536343,6618.92508951,1.71091758686
0.981737511349,1065.74795281,0.493874371426,0.0553787107425,5.52726178895,6617.7861967,1.71064598756
0.982811775387,1065.74835905,0.494696146663,0.0559100198841,5.52736381259,6616.64920483,1.71037429754
0.983886039425,1065.74876528,0.495518069616,0.0564418508296,5.52745970552,6615.51396801,1.7101024785
0.984960303464,1065.74917152,0.496340264069,0.0569742872048,5.52754946841,6614.3803282,1.70983048886
0.986034567502,1065.74957776,0.497162908192,0.0575074494072,5.5276331023,6613.2480588,1.70955826877
0.98710883154,1065.74998399,0.497986265459,0.0580415154848,5.52771060859,6612.1168257,1.70928572968
0.988183095579,1065.75039023,0.498810627376,0.0585766824575,5.52778198906,6610.98625971,1.70901277365
0.989257359617,1065.75079647,0.499636236202,0.0591131141494,5.52784724588,6609.85605445,1.70873931925
0.990331623655,1065.7512027,0.500463238467,0.0596509098003,5.52790638164,6608.72602503,1.7084653172
0.991405887693,1065.75160894,0.501291664615,0.0601900903147,5.52795939931,6607.59613367,1.70819075725
0.992480151732,1065.75201517,0.5021214247,0.060730595376,5.52800630365,6606.4664951,1.70791566953
0.99355441577,1065.75242141,0.502952448638,0.0612721466773,5.52804710358,6605.33625613,1.70764012075
0.994628679808,1065.75282765,0.503784352352,0.0618146730444,5.52808181318,6604.20666854,1.70736420481
0.995702943846,1065.75323388,0.504616800965,0.0623579933778,5.52811045195,6603.07833788,1.70708802585
0.996777207885,1065.75364012,0.505449516891,0.0629019207958,5.52813304489,6601.95161576,1.70681167703
0.997851471923,1065.75404636,0.506282281098,0.0634463079121,5.52814962258,6600.82677946,1.70653523187
0.998925735962,1065.75445259,0.507114904487,0.0639910274911,5.52816022121,6599.70406798,1.70625875384
