temperature_K,log10_T,q_env,A1,A2,A3,A1_minus_photosphere,A2_minus_photosphere,A3_minus_photosphere,phi1_rad,phi2_rad,phi3_rad,delta_phi1_rad,delta_phi2_rad,delta_phi3_rad,A1_photosphere,A2_photosphere,A3_photosphere,phi1_photosphere_rad,phi2_photosphere_rad,phi3_photosphere_rad
5997.12867277,3.77794336704,0.999997013728,0.0119052456817,0.00107056949194,0.000110819868547,0,0,0,1.33696748236,2.38341052799,3.56805474515,0,0,6.28318530718,0.0119052456817,0.00107056949194,0.000110819868547,1.33696748236,2.38341052799,9.85124005233
6104.00628097,3.78561497183,0.999996925896,0.011895211927,0.00107216158584,0.000114514179426,-1.00337546894e-05,1.59209389704e-06,3.69431087816e-06,1.33918650861,2.39728486939,3.59953113941,0.00221902625294,0.0138743414048,6.31466170144,0.0119052456817,0.00107056949194,0.000110819868547,1.33696748236,2.38341052799,9.85124005233
6229.62191821,3.79446168971,0.999996838065,0.0118759619299,0.00107564374386,0.000123893819141,-2.92837518016e-05,5.07425192091e-06,1.3073950594e-05,1.34264532404,2.4225500818,3.65826519813,0.00567784168348,0.0391395538162,6.37339576016,0.0119052456817,0.00107056949194,0.000110819868547,1.33696748236,2.38341052799,9.85124005233
6380.48108169,3.80485342531,0.999996750233,0.0118384473968,0.00108588061992,0.000146941491239,-6.67982848321e-05,1.5311127976e-05,3.61216226918e-05,1.34864835755,2.4737013623,3.75390198049,0.0116808751845,0.0902908343079,6.46903254251,0.0119052456817,0.00107056949194,0.000110819868547,1.33696748236,2.38341052799,9.85124005233
6564.42357205,3.81719659631,0.999996662402,0.0117682299238,0.00111296999347,0.000184746532498,-0.00013701575783,4.24005015268e-05,7.39266639509e-05,1.35942865049,2.56549757336,3.86049096657,0.0224611681329,0.182087045367,6.5756215286,0.0119052456817,0.00107056949194,0.000110819868547,1.33696748236,2.38341052799,9.85124005233
6786.35871756,3.83163681212,0.99999657457,0.0116503451656,0.00117071582251,0.000225840156459,-0.000254900516041,0.000100146330567,0.000115020287911,1.37777794356,2.69546789393,3.94891843683,0.0408104611955,0.312057365939,6.66404899885,0.0119052456817,0.00107056949194,0.000110819868547,1.33696748236,2.38341052799,9.85124005233
7043.15012304,3.84776694537,0.999996486738,0.011478052162,0.0012675039931,0.000256196834297,-0.000427193519648,0.000196934501159,0.00014537696575,1.4063500792,2.83764686323,4.00201909607,0.0693825968421,0.454236335242,6.7171496581,0.0119052456817,0.00107056949194,0.000110819868547,1.33696748236,2.38341052799,9.85124005233
7328.23576108,3.86499943283,0.999996398907,0.0112619032276,0.00139212376982,0.000264345191369,-0.000643342454109,0.000321554277874,0.000153525322822,1.44655811823,2.95875851807,4.01634679817,0.109590635874,0.575347990083,6.7314773602,0.0119052456817,0.00107056949194,0.000110819868547,1.33696748236,2.38341052799,9.85124005233
7637.46459554,3.88294921003,0.999996311075,0.0110294218449,0.00151429353387,0.000247434569614,-0.000875823836783,0.000443724041924,0.000136614701067,1.49780223138,3.04125877652,4.01317405704,0.160834749022,0.657848248531,6.72830461906,0.0119052456817,0.00107056949194,0.000110819868547,1.33696748236,2.38341052799,9.85124005233
7966.48187057,3.90126657215,0.999996223244,0.0108138781495,0.00160623545195,0.000220923325929,-0.00109136753217,0.000535665960011,0.000110103457382,1.55760913641,3.08837641933,4.02466050482,0.220641654051,0.70496589134,6.73979106685,0.0119052456817,0.00107056949194,0.000110819868547,1.33696748236,2.38341052799,9.85124005233
8302.24413779,3.9191955002,0.999996135412,0.0106413352116,0.00166457478152,0.000204387952682,-0.00126391047003,0.000594005289576,9.35680841344e-05,1.62253628047,3.11424401917,4.06084192939,0.285568798111,0.730833491178,6.77597249142,0.0119052456817,0.00107056949194,0.000110819868547,1.33696748236,2.38341052799,9.85124005233
8623.26797723,3.93567188247,0.999996047581,0.0105245380269,0.0017047763691,0.000202690332315,-0.00138070765473,0.000634206877161,9.18704637675e-05,1.68949304911,3.13200627545,4.09682040655,0.352525566746,0.748595747461,6.81195096857,0.0119052456817,0.00107056949194,0.000110819868547,1.33696748236,2.38341052799,9.85124005233
8911.93509853,3.94997201508,0.999995959749,0.010465705821,0.00174291501286,0.000207234127398,-0.00143953986064,0.000672345520916,9.64142588509e-05,1.75656219651,3.14831532923,4.11937488822,0.419594714152,0.764904801243,6.83450545025,0.0119052456817,0.00107056949194,0.000110819868547,1.33696748236,2.38341052799,9.85124005233
9164.14371115,3.96209189113,0.999995871918,0.0104629675545,0.00178469921554,0.000211659402622,-0.00144227812721,0.000714129723597,0.000100839534074,1.82289889941,3.16423566261,4.13605668322,0.485931417047,0.780825134618,6.85118724525,0.0119052456817,0.00107056949194,0.000110819868547,1.33696748236,2.38341052799,9.85124005233
9384.1040812,3.97239281599,0.999995784086,0.010514049835,0.00182912690343,0.00021489044804,-0.00139119584666,0.000758557411488,0.000104070579492,1.88801608087,3.17914822568,4.15267848681,0.551048598508,0.795737697697,6.86780904884,0.0119052456817,0.00107056949194,0.000110819868547,1.33696748236,2.38341052799,9.85124005233
9577.89905483,3.98127025553,0.999995696255,0.0106165497047,0.00187417400986,0.00021747808242,-0.00128869597691,0.000803604517917,0.000106658213872,1.95138986675,3.1926919572,4.17021975496,0.614422384393,0.80928142921,6.88535031699,0.0119052456817,0.00107056949194,0.000110819868547,1.33696748236,2.38341052799,9.85124005233
9750.90455206,3.98904490531,0.999995608423,0.0107677408955,0.00192003937895,0.000221005333339,-0.0011375047862,0.000849469887006,0.000110185464791,2.01254775214,3.20513747787,4.18623131485,0.675580269781,0.821726949878,6.90136187688,0.0119052456817,0.00107056949194,0.000110819868547,1.33696748236,2.38341052799,9.85124005233
9907.29002888,3.99595487684,0.999995520592,0.0109640829581,0.001964877878,0.000223243386436,-0.000941162723515,0.000894308386055,0.000112423517889,2.07096382596,3.21634662467,4.20478771242,0.733996343595,0.832936096686,6.91991827445,0.0119052456817,0.00107056949194,0.000110819868547,1.33696748236,2.38341052799,9.85124005233
10049.7930954,4.00215712062,0.99999543276,0.0112015200096,0.00200781148052,0.000224567082924,-0.000703725672058,0.00093724198858,0.000113747214377,2.1262385334,3.2263629819,4.22491964704,0.789271051034,0.842952453911,6.94005020907,0.0119052456817,0.00107056949194,0.000110819868547,1.33696748236,2.38341052799,9.85124005233
10181.3179279,4.0078039992,0.999995344928,0.0114756925842,0.00204855507244,0.00022661815795,-0.000429553097484,0.000977985580494,0.000115798289402,2.17811411359,3.23532769695,4.2423784489,0.841146631232,0.851917168966,6.95750901093,0.0119052456817,0.00107056949194,0.000110819868547,1.33696748236,2.38341052799,9.85124005233
10304.4062807,4.01302297365,0.999995257097,0.0117821355386,0.00208763500776,0.000230732771617,-0.00012311014307,0.00101706551581,0.000119912903069,2.22645163923,3.24346714484,4.25269708036,0.889484156873,0.860056616849,6.96782764239,0.0119052456817,0.00107056949194,0.000110819868547,1.33696748236,2.38341052799,9.85124005233
10419.8659423,4.01786213155,0.999995169265,0.0121159498435,0.00212801552328,0.000233506559607,0.000210704161849,0.00105744603133,0.000122686691059,2.27119036047,3.25109474915,4.26737843986,0.934222878107,0.867684221165,6.98250900189,0.0119052456817,0.00107056949194,0.000110819868547,1.33696748236,2.38341052799,9.85124005233
10528.8510702,4.02238098267,0.999995081434,0.0124740573577,0.00216749366215,0.000236357870383,0.000568811676073,0.0010969241702,0.000125538001835,2.31252524834,3.25808839765,4.28109235797,0.975557765982,0.874677869659,6.99622292,0.0119052456817,0.00107056949194,0.000110819868547,1.33696748236,2.38341052799,9.85124005233
10632.2853058,4.02662662191,0.999994993602,0.0128528405869,0.00220615340324,0.000239250510866,0.000947594905282,0.0011355839113,0.000128430642318,2.35059392962,3.2644977414,4.29406617994,1.01362644726,0.881087213408,7.00919674197,0.0119052456817,0.00107056949194,0.000110819868547,1.33696748236,2.38341052799,9.85124005233
10730.9189546,4.03063691487,0.999994905771,0.0132490771915,0.00224403077709,0.000242185600667,0.0013438315098,0.00117346128515,0.00013136573212,2.38557015029,3.27037901657,4.30629698941,1.04860266793,0.886968488586,7.02142755144,0.0119052456817,0.00107056949194,0.000110819868547,1.33696748236,2.38341052799,9.85124005233
10825.3724187,4.03444284605,0.999994817939,0.0136598847163,0.00228116980012,0.000245151698507,0.00175463903461,0.00121060030818,0.000134331829959,2.41764874029,3.27578174158,4.31782217972,1.08068125793,0.892371213596,7.03295274175,0.0119052456817,0.00107056949194,0.000110819868547,1.33696748236,2.38341052799,9.85124005233
10916.1643443,4.03807006541,0.999994730108,0.01408271503,0.00231760692733,0.000248140420117,0.00217746934829,0.00124703743539,0.00013732055157,2.44703406388,3.28074821315,4.32867254177,1.11006658152,0.89733768516,7.0438031038,0.0119052456817,0.00107056949194,0.000110819868547,1.33696748236,2.38341052799,9.85124005233
11008.2207457,4.0417171298,0.999994642276,0.0145153303704,0.00235337016855,0.000251141687629,0.00261008468878,0.00128280067661,0.000140321819082,2.4739308484,3.28531446869,4.33888152398,1.13696336603,0.901903940701,7.054012086,0.0119052456817,0.00107056949194,0.000110819868547,1.33696748236,2.38341052799,9.85124005233
11106.2537639,4.04556759233,0.999994545285,0.0150020900218,0.00239210150823,0.000254453644561,0.00309684434017,0.00132153201628,0.000143633776013,2.50097977205,3.28992850637,4.3494693576,1.16401228969,0.906517978381,7.06459991963,0.0119052456817,0.00107056949194,0.000110819868547,1.33696748236,2.38341052799,9.85124005233
11210.6626379,4.04963128356,0.999994438179,0.0155479810141,0.0024339530289,0.000258088334647,0.00364273533246,0.00136338353696,0.0001472684661,2.52790925487,3.29454201857,4.36040945362,1.19094177251,0.911131490578,7.07554001565,0.0119052456817,0.00107056949194,0.000110819868547,1.33696748236,2.38341052799,9.85124005233
11321.9161154,4.05391993285,0.999994319903,0.0161579764876,0.00247904313457,0.000262064290499,0.00425273080595,0.00140847364263,0.000151244421951,2.55442802091,3.29909713896,4.37164236627,1.21746053854,0.915686610969,7.08677292829,0.0119052456817,0.00107056949194,0.000110819868547,1.33696748236,2.38341052799,9.85124005233
11440.5758075,4.05844788318,0.999994189292,0.0168369329783,0.00252749986892,0.000266435052464,0.00493168729665,0.00145693037698,0.000155615183916,2.58023263748,3.30353070087,4.38296983736,1.24326515512,0.920120172878,7.09810039938,0.0119052456817,0.00107056949194,0.000110819868547,1.33696748236,2.38341052799,9.85124005233
11567.3298473,4.06323311985,0.99999404506,0.017589516613,0.00257952398636,0.000271265310093,0.0056842709313,0.00150895449441,0.000160445441546,2.60501720348,3.30777519453,4.394087183,1.26804972112,0.924364666544,7.10921774503,0.0119052456817,0.00107056949194,0.000110819868547,1.33696748236,2.38341052799,9.85124005233
11703.0313595,4.06829836877,0.999993885787,0.0184201315917,0.00263531645589,0.000276522416209,0.00651488591005,0.00156474696394,0.000165702547661,2.62848172568,3.31174836854,4.40500282653,1.29151424332,0.92833784055,7.12013338855,0.0119052456817,0.00107056949194,0.000110819868547,1.33696748236,2.38341052799,9.85124005233
11848.7433679,4.07367229319,0.999993709903,0.0193328007489,0.0026948547569,0.000282142490795,0.0074275550672,0.00162428526495,0.000171322622248,2.65033673375,3.31534630548,4.41586950738,1.31336925139,0.931935777495,7.13100006941,0.0119052456817,0.00107056949194,0.000110819868547,1.33696748236,2.38341052799,9.85124005233
12005.8153549,4.07939165978,0.999993515677,0.0203308851588,0.00275792577661,0.000288147786238,0.0084256394771,0.00168735628467,0.000177327917691,2.67030199247,3.31845563959,4.42643871111,1.33333451011,0.935045111601,7.14156927314,0.0119052456817,0.00107056949194,0.000110819868547,1.33696748236,2.38341052799,9.85124005233
12176.0114102,4.08550504641,0.999993301196,0.0214170891472,0.00282470515182,0.000294710026564,0.00951184346552,0.00175413565987,0.000183890158017,2.68811576975,3.32096588332,4.43564396653,1.35114828739,0.93755535533,7.15077452856,0.0119052456817,0.00107056949194,0.000110819868547,1.33696748236,2.38341052799,9.85124005233
12361.6888137,4.09207780671,0.999993064346,0.0225937831653,0.00289555397637,0.000301676659758,0.0106885374836,0.00182498448442,0.000190856791211,2.70354544663,3.32273591782,4.44387802869,1.36657796427,0.939325389829,7.15900859071,0.0119052456817,0.00107056949194,0.000110819868547,1.33696748236,2.38341052799,9.85124005233
12566.0512555,4.09919882682,0.999992802797,0.0238627410791,0.00296982085909,0.000308874526311,0.0119574953975,0.00189925136714,0.000198054657763,2.71637405505,3.32360501546,4.45169136725,1.37940657268,0.940194487475,7.16682192927,0.0119052456817,0.00107056949194,0.000110819868547,1.33696748236,2.38341052799,9.85124005233
12793.6013098,4.10699281256,0.999992513971,0.0252243930836,0.00304708447299,0.000316501172103,0.013319147402,0.00197651498105,0.000205681303556,2.72638201432,3.32341333957,4.45723920093,1.38941453196,0.940002811581,7.17236976296,0.0119052456817,0.00107056949194,0.000110819868547,1.33696748236,2.38341052799,9.85124005233
13050.9796558,4.11564311268,0.999992195024,0.0266792783522,0.00312814588041,0.000324427445783,0.0147740326705,0.00205757638847,0.000213607577236,2.73337412436,3.32193804203,4.46080482447,1.396406642,0.938527514042,7.1759353865,0.0119052456817,0.00107056949194,0.000110819868547,1.33696748236,2.38341052799,9.85124005233
13348.4187267,4.12542982158,0.999991842816,0.028227659334,0.00321155997901,0.000332432111457,0.0163224136524,0.00214099048706,0.00022161224291,2.73715408013,3.31902949571,4.46336109123,1.40018659776,0.935618967719,7.17849165325,0.0119052456817,0.00107056949194,0.000110819868547,1.33696748236,2.38341052799,9.85124005233
13702.6003042,4.13680298983,0.999991453876,0.0298680056595,0.00329724766819,0.000340674153695,0.0179627599779,0.00222667817625,0.000229854285147,2.73749933329,3.31451401252,4.4625894055,1.40053185093,0.931103484536,7.17771996753,0.0119052456817,0.00107056949194,0.000110819868547,1.33696748236,2.38341052799,9.85124005233
14142.3915082,4.15052285578,0.999991024374,0.0315976726578,0.00338363012982,0.000349083545558,0.0196924269761,0.00231306063787,0.000238263677011,2.73418570157,3.30849228128,4.46083683596,1.39721821921,0.925081753291,7.17596739799,0.0119052456817,0.00107056949194,0.000110819868547,1.33696748236,2.38341052799,9.85124005233
14718.6670882,4.16786848239,0.999990550082,0.0334049266778,0.00346741650778,0.000357997791851,0.0214996809961,0.00239684701584,0.000247177923304,2.72695577883,3.30166415057,4.45836929235,1.38998829647,0.918253622582,7.17349985438,0.0119052456817,0.00107056949194,0.000110819868547,1.33696748236,2.38341052799,9.85124005233
15505.1828821,4.19047689307,0.999990026326,0.0352540073952,0.00354183233929,0.000368094560554,0.0233487617136,0.00247126284735,0.000257274692007,2.71557397582,3.29626467538,4.45796284106,1.37860649345,0.912854147392,7.17309340309,0.0119052456817,0.00107056949194,0.000110819868547,1.33696748236,2.38341052799,9.85124005233
16508.6601503,4.21771182717,0.999989447949,0.0370572813628,0.00360158114485,0.00037785267669,0.0251520356812,0.0025310116529,0.000267032808142,2.6999985203,3.2955363776,4.45433175652,1.36303103794,0.912125849614,7.16946231855,0.0119052456817,0.00107056949194,0.000110819868547,1.33696748236,2.38341052799,9.85124005233
17551.8247213,4.24432227323,0.999988809255,0.0387394082385,0.00367085071698,0.000377451065914,0.0268341625568,0.00260028122503,0.000266631197367,2.68076074173,3.29076912408,4.43386758477,1.34379325937,0.90735859609,7.14899814679,0.0119052456817,0.00107056949194,0.000110819868547,1.33696748236,2.38341052799,9.85124005233
18525.6284851,4.26777295041,0.999988103953,0.0404207441055,0.00374964624295,0.000380361287863,0.0285154984238,0.00267907675101,0.000269541419316,2.65814745215,3.27287806688,4.41648928124,1.32117996979,0.889467538894,7.13161984327,0.0119052456817,0.00107056949194,0.000110819868547,1.33696748236,2.38341052799,9.85124005233
19505.1323605,4.29014890175,0.999987325097,0.0421920607686,0.00381999040726,0.000384766650418,0.0302868150869,0.00274942091532,0.00027394678187,2.63150751251,3.25077228565,4.39279537924,1.29454003015,0.867361757666,7.10792594127,0.0119052456817,0.00107056949194,0.000110819868547,1.33696748236,2.38341052799,9.85124005233
20620.2129175,4.31429314535,0.999986465016,0.0440306993292,0.0038865002354,0.000388825619022,0.0321254536476,0.00281593074346,0.000278005750475,2.60048627846,3.22854100939,4.3604393964,1.2635187961,0.8451304814,7.07556995842,0.0119052456817,0.00107056949194,0.000110819868547,1.33696748236,2.38341052799,9.85124005233
21992.1643513,4.34226797241,0.999985515239,0.0458347573839,0.00396119649949,0.000393008964081,0.0339295117022,0.00289062700755,0.000282189095534,2.56576588834,3.20877826447,4.3196380156,1.22879840598,0.825367736481,7.03476857763,0.0119052456817,0.00107056949194,0.000110819868547,1.33696748236,2.38341052799,9.85124005233
23623.6076691,4.37334622144,0.999984466412,0.0474470406618,0.00405554045325,0.000395481353377,0.0355417949801,0.00298497096131,0.000284661484829,2.52933863861,3.19027298792,4.27383111755,1.19237115625,0.806862459928,6.98896167957,0.0119052456817,0.00107056949194,0.000110819868547,1.33696748236,2.38341052799,9.85124005233
25359.9997881,4.40414924558,0.999983308206,0.0487962128377,0.0041579483358,0.000397351685275,0.0368909671561,0.00308737884385,0.000286531816728,2.49328766234,3.16592828347,4.22687836174,1.15632017998,0.782517755482,6.94200892377,0.0119052456817,0.00107056949194,0.000110819868547,1.33696748236,2.38341052799,9.85124005233
27063.6013906,4.43238558827,0.999982029214,0.0499789393137,0.00424627817857,0.000400486534703,0.038073693632,0.00317570868662,0.000289666666156,2.45766064799,3.13509470652,4.17289549345,1.12069316563,0.751684178535,6.88802605548,0.0119052456817,0.00107056949194,0.000110819868547,1.33696748236,2.38341052799,9.85124005233
28689.2063506,4.45771853422,0.999980616839,0.0511241826057,0.00432106812057,0.00040439502685,0.0392189369241,0.00325049862862,0.000293575158303,2.42082783153,3.10180179524,4.11035922846,1.08386034916,0.718391267251,6.82548979049,0.0119052456817,0.00107056949194,0.000110819868547,1.33696748236,2.38341052799,9.85124005233
30240.9408868,4.48059529925,0.999979057171,0.0523150860558,0.00439917086731,0.000408788384639,0.0404098403741,0.00332860137537,0.000297968516091,2.3810900188,3.06761875702,4.04205915434,1.04412253644,0.684208229037,6.75718971637,0.0119052456817,0.00107056949194,0.000110819868547,1.33696748236,2.38341052799,9.85124005233
31734.6642969,4.50153390852,0.99997733485,0.0535916161756,0.00449729470945,0.000414436075335,0.041686370494,0.00342672521751,0.000303616206788,2.3377070769,3.03166440726,3.97082366885,1.00073959453,0.648253879269,6.68595423088,0.0119052456817,0.00107056949194,0.000110819868547,1.33696748236,2.38341052799,9.85124005233
33185.1262681,4.52094347445,0.999975432911,0.0549781760756,0.00462484477383,0.000422430706274,0.0430729303939,0.00355427528188,0.000311610837727,2.29120141253,2.99231447984,3.89806574684,0.954233930165,0.608903951851,6.61319630887,0.0119052456817,0.00107056949194,0.000110819868547,1.33696748236,2.38341052799,9.85124005233
34601.9504643,4.53910058006,0.999973332625,0.0565048256637,0.00478315116457,0.00043318812524,0.0445995799821,0.00371258167263,0.000322368256693,2.24326755164,2.94953560234,3.82533837636,0.90630006928,0.566125074354,6.54046893838,0.0119052456817,0.00107056949194,0.000110819868547,1.33696748236,2.38341052799,9.85124005233
35990.4102317,4.55618679693,0.999971013305,0.0582051905032,0.0049673452797,0.000445703477684,0.0462999448215,0.00389677578776,0.000334883609137,2.19658539629,2.90582635063,3.75574713669,0.859617913931,0.522415822646,6.47087769872,0.0119052456817,0.00107056949194,0.000110819868547,1.33696748236,2.38341052799,9.85124005233
37352.6919435,4.57232190613,0.999968452109,0.060092626253,0.00516223659195,0.000456546788504,0.0481873805714,0.00409166710001,0.000345726919956,2.15440433216,2.8651110491,3.69273179722,0.817436849799,0.481700521114,6.40786235924,0.0119052456817,0.00107056949194,0.000110819868547,1.33696748236,2.38341052799,9.85124005233
38685.9901732,4.58755371716,0.999965623813,0.06212662848,0.00534280898817,0.000462387599998,0.0502213827984,0.00427223949623,0.00035156773145,2.11936864376,2.8300455257,3.63673071241,0.782401161403,0.446634997713,6.35186127444,0.0119052456817,0.00107056949194,0.000110819868547,1.33696748236,2.38341052799,9.85124005233
39987.6302741,4.60192566796,0.999962500561,0.064226038676,0.00548568119935,0.000460693959965,0.0523207929944,0.00441511170741,0.000349874091417,2.09280639275,2.80092052672,3.5855253234,0.755838910387,0.417509998737,6.30065588543,0.0119052456817,0.00107056949194,0.000110819868547,1.33696748236,2.38341052799,9.85124005233
41262.8622093,4.61555934963,0.999959051593,0.0663065945554,0.00557937995432,0.000450143171652,0.0544013488737,0.00450881046238,0.000339323303105,2.07500371771,2.77815435457,3.53627596621,0.738036235348,0.394743826584,6.25140652823,0.0119052456817,0.00107056949194,0.000110819868547,1.33696748236,2.38341052799,9.85124005233
42527.0141707,4.62866489189,0.999955242941,0.068300693644,0.00561833367782,0.000434540228512,0.0563954479624,0.00454776418587,0.000323720359964,2.06528321665,2.76234537478,3.49709549043,0.728315734286,0.378934846796,6.21222605246,0.0119052456817,0.00107056949194,0.000110819868547,1.33696748236,2.38341052799,9.85124005233
43802.7399438,4.64150127729,0.999951037095,0.0701650620383,0.00559369658447,0.000410185973034,0.0582598163566,0.00452312709253,0.000299366104487,2.0632174139,2.75222530858,3.45863132558,0.726249931541,0.368814780592,6.17376188761,0.0119052456817,0.00107056949194,0.000110819868547,1.33696748236,2.38341052799,9.85124005233
45115.8616722,4.65432925642,0.999946392632,0.0718630237262,0.0055052087702,0.00037913022157,0.0599577780446,0.00443463927826,0.000268310353023,2.06773305895,2.74944700446,3.42566504102,0.73076557659,0.366036476476,6.14079560305,0.0119052456817,0.00107056949194,0.000110819868547,1.33696748236,2.38341052799,9.85124005233
46492.7140236,4.66738489897,0.999941263809,0.0733611264186,0.00534742896402,0.000340527590858,0.0614558807369,0.00427685947207,0.00022970772231,2.07774163995,2.75193008721,3.38644501985,0.740774157591,0.368519559221,6.10157558187,0.0119052456817,0.00107056949194,0.000110819868547,1.33696748236,2.38341052799,9.85124005233
47958.4572292,4.68086520388,0.999935600115,0.0746189824353,0.00512618614528,0.00029869737207,0.0627137367537,0.00405561665333,0.000187877503523,2.09164976071,2.76280204424,3.35799525326,0.754682278351,0.379391516255,6.07312581529,0.0119052456817,0.00107056949194,0.000110819868547,1.33696748236,2.38341052799,9.85124005233
49533.1162308,4.69489565121,0.999929345769,0.0755825203857,0.00483411159997,0.000254345516254,0.0636772747041,0.00376354210803,0.000143525647707,2.10783038945,2.77691469544,3.33369492793,0.770862907094,0.393504167451,6.04882548996,0.0119052456817,0.00107056949194,0.000110819868547,1.33696748236,2.38341052799,9.85124005233
51221.7804602,4.7094546704,0.999922439173,0.0761831181665,0.00447654684484,0.000206171520847,0.0642778724848,0.0034059773529,9.53516522996e-05,2.12427764686,2.79218316142,3.27333837264,0.787310164498,0.408772633433,5.98846893466,0.0119052456817,0.00107056949194,0.000110819868547,1.33696748236,2.38341052799,9.85124005233
53003.4787366,4.72430437425,0.999914812307,0.0763612465783,0.00406984283744,0.00016092140872,0.0644560008967,0.0029992733455,5.01015401726e-05,2.13807115815,2.80433248873,3.18259201692,0.801103675786,0.420921960746,5.89772257895,0.0119052456817,0.00107056949194,0.000110819868547,1.33696748236,2.38341052799,9.85124005233
54818.936117,4.73893060284,0.999906390053,0.0761197614293,0.00364396032942,0.000122212135152,0.0642145157477,0.00257339083748,1.13922666051e-05,2.14684539621,2.80966066172,3.04028971724,0.809877913845,0.426250133733,5.75542027927,0.0119052456817,0.00107056949194,0.000110819868547,1.33696748236,2.38341052799,9.85124005233
56564.4662588,4.75254369349,0.999897089465,0.0755618809345,0.00324738523342,9.36851159353e-05,0.0636566352529,0.00217681574148,-1.7134752612e-05,2.14875090223,2.80926850055,2.84243075874,0.811783419866,0.425857972558,5.55756132076,0.0119052456817,0.00107056949194,0.000110819868547,1.33696748236,2.38341052799,9.85124005233
58224.3957069,4.76510498982,0.999886818943,0.0744654621185,0.00289514309402,7.42549788222e-05,0.0625602164369,0.00182457360208,-3.65648897252e-05,2.14374738793,2.8035286243,2.63480754754,0.806779905573,0.420118096314,5.34993810956,0.0119052456817,0.00107056949194,0.000110819868547,1.33696748236,2.38341052799,9.85124005233
59852.6791647,4.77708359535,0.999875477334,0.072709817089,0.0025595580077,6.43523017584e-05,0.0608045714073,0.00148898851575,-4.64675667889e-05,2.13461377172,2.78740935002,2.3555438734,0.797646289354,0.403998822035,5.07067443543,0.0119052456817,0.00107056949194,0.000110819868547,1.33696748236,2.38341052799,9.85124005233
61468.5626116,4.78865305764,0.999862952938,0.0704184059147,0.00223633344375,6.07354188565e-05,0.0585131602331,0.00116576395181,-5.00844496908e-05,2.12269844889,2.75918333031,2.0941101959,0.78573096653,0.375772802318,4.80924075792,0.0119052456817,0.00107056949194,0.000110819868547,1.33696748236,2.38341052799,9.85124005233
63086.767475,4.79993827501,0.999849122405,0.0677078085656,0.00192945924025,5.69382216028e-05,0.0558025628839,0.000858889748312,-5.38816469446e-05,2.10890569713,2.72001526459,1.91033622852,0.771938214773,0.3366047366,4.62546679055,0.0119052456817,0.00107056949194,0.000110819868547,1.33696748236,2.38341052799,9.85124005233
64720.6286984,4.81104272738,0.999833849521,0.0646969667459,0.00164649625862,5.28824581292e-05,0.0527917210642,0.00057592676668,-5.79374104182e-05,2.09489385373,2.6833724995,1.7489659563,0.757926371371,0.299961971517,4.46409651833,0.0119052456817,0.00107056949194,0.000110819868547,1.33696748236,2.38341052799,9.85124005233
66381.1613556,4.82204484623,0.999816983867,0.0614959975109,0.00138510098475,4.93741737506e-05,0.0495907518292,0.000314531492802,-6.14456947968e-05,2.08240119762,2.64954816542,1.58565820737,0.745433715258,0.266137637429,4.3007887694,0.0119052456817,0.00107056949194,0.000110819868547,1.33696748236,2.38341052799,9.85124005233
68076.3257975,4.83299610805,0.999798359338,0.0581957004168,0.00114154099641,4.82357896839e-05,0.0462904547352,7.09715044698e-05,-6.25840788635e-05,2.0721264071,2.60625862181,1.42481535482,0.735158924736,0.222848093826,4.13994591685,0.0119052456817,0.00107056949194,0.000110819868547,1.33696748236,2.38341052799,9.85124005233
69812.6035771,4.8439338348,0.999777792505,0.054867086959,0.000918638590508,4.51491856946e-05,0.0429618412773,-0.000151930901435,-6.56706828527e-05,2.06347015553,2.54404180164,1.28921424122,0.726502673171,0.160631273655,4.00434480325,0.0119052456817,0.00107056949194,0.000110819868547,1.33696748236,2.38341052799,9.85124005233
71596.7893373,4.85489354739,0.99975508081,0.0515694380697,0.000722949994648,3.96914719158e-05,0.0396641923881,-0.000347619497295,-7.11283966316e-05,2.05617132006,2.47220750938,1.1629989894,0.719203837701,0.0887969813915,3.87812955143,0.0119052456817,0.00107056949194,0.000110819868547,1.33696748236,2.38341052799,9.85124005233
73435.9713436,4.86590884369,0.999730000571,0.048351815992,0.000555404258045,3.28349167513e-05,0.0364465703103,-0.000515165233898,-7.7984951796e-05,2.0507694369,2.4028792502,1.01443282414,0.713801954536,0.0194687222117,3.72956338617,0.0119052456817,0.00107056949194,0.000110819868547,1.33696748236,2.38341052799,9.85124005233
75336.4401096,4.87700509453,0.999702304778,0.0452456928938,0.000412267314333,2.84680999159e-05,0.0333404472122,-0.00065830217761,-8.23517686315e-05,2.04772939612,2.31386106471,0.847646999976,0.710761913757,-0.0695494632776,3.562777562,0.0119052456817,0.00107056949194,0.000110819868547,1.33696748236,2.38341052799,9.85124005233
77303.6714899,4.88820012096,0.999671720662,0.0422581495388,0.000293229846684,2.50889953043e-05,0.0303529038572,-0.000777339645259,-8.57308732431e-05,2.04599903501,2.15148854184,0.66861301537,0.709031552653,-0.231921986145,3.3837435774,0.0119052456817,0.00107056949194,0.000110819868547,1.33696748236,2.38341052799,9.85124005233
79343.5825823,4.89951180618,0.999637947008,0.039383356693,0.000206125799401,2.10271464878e-05,0.0274781110113,-0.000864443692542,-8.97927220596e-05,2.04403217136,1.85133047298,0.445011328623,0.707064688994,-0.532080055009,3.16014189065,0.0119052456817,0.00107056949194,0.000110819868547,1.33696748236,2.38341052799,9.85124005233
81463.2080112,4.91096150855,0.999600651186,0.0366231154027,0.000156390920255,1.7596867339e-05,0.0247178697211,-0.000914178571688,-9.32230012084e-05,2.04163590614,1.42678952929,0.157760539015,0.704668423776,-0.956620998698,2.87289110104,0.0119052456817,0.00107056949194,0.000110819868547,1.33696748236,2.38341052799,9.85124005233
83669.9281616,4.9225693961,0.999559465879,0.033990045342,0.000140516004968,1.59639387031e-05,0.0220847996603,-0.000930053486976,-9.48559298443e-05,2.03971090861,0.966423458705,6.1207487251,0.702743426247,-1.41698706928,2.55269397995,0.0119052456817,0.00107056949194,0.000110819868547,1.33696748236,2.38341052799,9.85124005233
85970.7805262,4.9343508697,0.999513985463,0.0314929413765,0.000152367554168,1.59183979339e-05,0.0195876956949,-0.000918201937776,-9.49014706135e-05,2.0385022262,0.589949662393,5.85733643486,0.70153474384,-1.7934608656,2.28928168971,0.0119052456817,0.00107056949194,0.000110819868547,1.33696748236,2.38341052799,9.85124005233
88372.9752665,4.9463194767,0.999463762011,0.029131623875,0.000178089382836,1.63534091035e-05,0.0172263781933,-0.000892480109108,-9.44664594439e-05,2.03674860972,0.357448891115,5.62246989533,0.699781127359,-2.02596163687,2.05441515017,0.0119052456817,0.00107056949194,0.000110819868547,1.33696748236,2.38341052799,9.85124005233
90884.5517273,4.95849006947,0.999408300884,0.0269195984611,0.000199273845233,1.68884210241e-05,0.0150143527795,-0.000871295646711,-9.39314475233e-05,2.03378279185,0.229176073841,5.42048707554,0.696815309485,-2.15423445415,1.85243233039,0.0119052456817,0.00107056949194,0.000110819868547,1.33696748236,2.38341052799,9.85124005233
93513.9645586,4.97087646946,0.99934705586,0.024898556945,0.00020827525611,1.73683244106e-05,0.0129933112634,-0.000862294235833,-9.34515441368e-05,2.03042053117,0.16394357774,5.25048215058,0.693453048807,-2.21946695025,1.68242740543,0.0119052456817,0.00107056949194,0.000110819868547,1.33696748236,2.38341052799,9.85124005233
96269.1172128,4.98348698936,0.99927942375,0.023122989105,0.000203809986333,1.77131566103e-05,0.0112177434233,-0.00086675950561,-9.31067119371e-05,2.02873567063,0.135536152187,5.11726097148,0.691768188268,-2.2478743758,1.54920622633,0.0119052456817,0.00107056949194,0.000110819868547,1.33696748236,2.38341052799,9.85124005233
99156.3777582,4.99632065335,0.999204738461,0.0216139443784,0.000190116229874,1.80661349293e-05,0.00970869869674,-0.000880453262069,-9.2753733618e-05,2.03094358191,0.113457320774,5.01735631652,0.693976099546,-2.26995320721,1.44930157137,0.0119052456817,0.00107056949194,0.000110819868547,1.33696748236,2.38341052799,9.85124005233
102179.901743,5.00936548072,0.999122264437,0.0203000280197,0.000186657621951,1.80548100898e-05,0.00839478233801,-0.000883911869993,-9.27650584576e-05,2.03618262854,0.080033511954,5.0025842183,0.69921514618,-2.30337701603,1.43452947314,0.0119052456817,0.00107056949194,0.000110819868547,1.33696748236,2.38341052799,9.85124005233
105343.925243,5.02260949666,0.999031189408,0.0190244297341,0.00019616108328,1.77300795799e-05,0.00711918405247,-0.000874408408663,-9.30897889675e-05,2.0380900437,0.0397684697134,4.9890168251,0.701122561343,-2.34364205827,1.42096207995,0.0119052456817,0.00107056949194,0.000110819868547,1.33696748236,2.38341052799,9.85124005233
108655.672231,5.03605240304,0.998930616399,0.0177204456237,0.000194957579232,1.70501051121e-05,0.00581519994203,-0.000875611912711,-9.37697634352e-05,2.03524090458,0.00681425100401,4.92579696311,0.698273422222,-2.37659627698,1.35774221796,0.0119052456817,0.00107056949194,0.000110819868547,1.33696748236,2.38341052799,9.85124005233
112123.651812,5.04969723408,0.998819554891,0.0164718559117,0.00018084693505,1.59875519673e-05,0.00456661023005,-0.000889722556893,-9.48323165801e-05,2.03440655905,6.26793081126,4.88910055108,0.697439076688,-2.39866502391,1.32104580593,0.0119052456817,0.00107056949194,0.000110819868547,1.33696748236,2.38341052799,9.85124005233
115755.461896,5.06354149226,0.998696911064,0.015297269822,0.000173292782837,1.47046056052e-05,0.00339202414033,-0.000897276709106,-9.61152629422e-05,2.03671155146,6.24357663568,4.88040844445,0.699744069102,-2.42301919948,1.3123536993,0.0119052456817,0.00107056949194,0.000110819868547,1.33696748236,2.38341052799,9.85124005233
119560.409762,5.0775873948,0.998561477028,0.0141012102388,0.000169517948886,1.32259958018e-05,0.00219596455712,-0.000901051543057,-9.75938727456e-05,2.03631703024,6.2126000603,4.84044207123,0.699349547875,-2.45399577486,1.27238732608,0.0119052456817,0.00107056949194,0.000110819868547,1.33696748236,2.38341052799,9.85124005233
123551.519033,5.09184808931,0.998411918926,0.0128925674648,0.000157595401977,1.15411655197e-05,0.000987321783149,-0.000912974089966,-9.92787030277e-05,2.03390482966,6.18905286629,4.7969332219,0.696937347297,-2.47754296888,1.22887847675,0.0119052456817,0.00107056949194,0.000110819868547,1.33696748236,2.38341052799,9.85124005233
127743.208149,5.10633781885,0.998246763794,0.0117654661251,0.000142320118652,9.79081623071e-06,-0.000139779556519,-0.000928249373291,-0.000101029052317,2.03361445637,6.17400615815,4.77943396204,0.696646974013,-2.49258967702,1.21137921689,0.0119052456817,0.00107056949194,0.000110819868547,1.33696748236,2.38341052799,9.85124005233
132150.049854,5.12106733131,0.998064385059,0.0107221622947,0.000128556039915,8.04948631814e-06,-0.00118308338694,-0.000942013452029,-0.000102770382229,2.03358494915,6.15972415579,4.7592811082,0.696617466784,-2.50687167938,1.19122636304,0.0119052456817,0.00107056949194,0.000110819868547,1.33696748236,2.38341052799,9.85124005233
136787.628628,5.13604682062,0.997862986516,0.00975389934262,0.000112790571074,6.33126662782e-06,-0.00215134633904,-0.000957778920869,-0.00010448860192,2.0322094743,6.15117340297,4.71824435399,0.695241991937,-2.5154224322,1.15018960884,0.0119052456817,0.00107056949194,0.000110819868547,1.33696748236,2.38341052799,9.85124005233
141670.977145,5.15128088937,0.997640584638,0.00891947122353,9.53084022191e-05,4.71612331312e-06,-0.00298577445814,-0.000975261089724,-0.000106103745234,2.03255091598,6.15104491121,4.69231891021,0.695583433615,-2.51555092395,1.12426416506,0.0119052456817,0.00107056949194,0.000110819868547,1.33696748236,2.38341052799,9.85124005233
146812.940578,5.16676433742,0.997394989041,0.00818977719089,8.18154184938e-05,3.25636175705e-06,-0.00371546849077,-0.00098875407345,-0.00010756350679,2.0333980605,6.14444353687,4.66797471522,0.696430578136,-2.52215229829,1.09991997007,0.0119052456817,0.00107056949194,0.000110819868547,1.33696748236,2.38341052799,9.85124005233
152226.956539,5.18249156465,0.997123780912,0.00750806385051,6.75434053886e-05,1.93174071391e-06,-0.00439718183115,-0.00100302608655,-0.000108888127833,2.03010368472,6.15029079677,4.51489909069,0.693136202355,-2.51630503839,0.94684434554,0.0119052456817,0.00107056949194,0.000110819868547,1.33696748236,2.38341052799,9.85124005233
157923.155332,5.19844581269,0.996824289186,0.00706651591146,4.79503903142e-05,8.49948700317e-07,-0.0048387297702,-0.00102261910163,-0.000109969919847,2.02940562722,6.22620861604,4.14564676163,0.692438144857,-2.44038721912,0.577592016478,0.0119052456817,0.00107056949194,0.000110819868547,1.33696748236,2.38341052799,9.85124005233
163897.772173,5.21457305034,0.996493564239,0.00690319251687,3.57693676514e-05,3.17726313603e-07,-0.00500205316479,-0.00103480012429,-0.000110502142234,2.03350846721,0.0201648768113,2.60897978083,0.696540984853,-2.36324565118,-0.959074964323,0.0119052456817,0.00107056949194,0.000110819868547,1.33696748236,2.38341052799,9.85124005233
170141.864072,5.23081118662,0.99612834884,0.00671359154922,2.97130211476e-05,9.50465296398e-07,-0.00519165413244,-0.0010408564708,-0.000109869403251,2.03314873465,0.0157646494347,1.86295020336,0.69618125229,-2.36764587855,-1.70510454179,0.0119052456817,0.00107056949194,0.000110819868547,1.33696748236,2.38341052799,9.85124005233
176650.837966,5.24711570191,0.995725046067,0.00652598138323,1.9586076603e-05,1.63794419463e-06,-0.00537926429843,-0.00105098341534,-0.000109181924353,2.03184128867,0.1406780546,1.78511549538,0.694873806305,-2.24273247339,-1.78293924977,0.0119052456817,0.00107056949194,0.000110819868547,1.33696748236,2.38341052799,9.85124005233
183413.434179,5.26343114254,0.995279683888,0.00646110566534,1.18905552805e-05,2.14300842771e-06,-0.00544414001632,-0.00105867893666,-0.00010867686012,2.03364446715,0.375652221879,1.69640993607,0.696676984784,-2.00775830611,-1.87164480908,0.0119052456817,0.00107056949194,0.000110819868547,1.33696748236,2.38341052799,9.85124005233
190416.730751,5.27970510452,0.994787876035,0.00632533102227,7.04545736421e-06,2.56265119404e-06,-0.0055799146594,-0.00106352403458,-0.000108257217353,2.03360642357,0.563264169232,1.67296369285,0.696638941209,-1.82014635876,-1.8950910523,0.0119052456817,0.00107056949194,0.000110819868547,1.33696748236,2.38341052799,9.85124005233
197657.184034,5.2959126038,0.994244778807,0.00612192758392,4.59916308856e-06,2.91258933122e-06,-0.00578331809774,-0.00106597032885,-0.000107907279216,2.03278315754,1.84676428765,1.67178019351,0.695815675183,-0.536646240337,-1.89627455164,0.0119052456817,0.00107056949194,0.000110819868547,1.33696748236,2.38341052799,9.85124005233
205130.909817,5.31203110626,0.993645043369,0.00595882556412,9.33512407702e-06,3.13091131328e-06,-0.00594642011755,-0.00106123436787,-0.000107688957234,2.03340902347,2.57236658728,1.65341993315,0.69644154111,0.188956059297,-1.914634812,0.0119052456817,0.00107056949194,0.000110819868547,1.33696748236,2.38341052799,9.85124005233
212834.497427,5.32804202225,0.992982763068,0.0057399650184,1.36724936027e-05,3.24350156034e-06,-0.00616528066326,-0.00105689699834,-0.000107576366987,2.03322054671,2.79259162398,1.65047402357,0.696253064352,0.409181095988,-1.91758072158,0.0119052456817,0.00107056949194,0.000110819868547,1.33696748236,2.38341052799,9.85124005233
220772.291606,5.34394456563,0.99225141526,0.00549476466795,1.9709468896e-05,3.25967540197e-06,-0.00641048101371,-0.00105086002305,-0.000107560193145,2.03268634569,2.86731188981,1.65224387134,0.695718863325,0.483901361823,-1.91581087381,0.0119052456817,0.00107056949194,0.000110819868547,1.33696748236,2.38341052799,9.85124005233
228945.048656,5.35973125557,0.991443797073,0.00531417403281,2.51368126441e-05,3.17234157806e-06,-0.00659107164885,-0.0010454326793,-0.000107647526969,2.03326549993,2.90284411193,1.64264643124,0.69629801757,0.519433583939,-1.92540831392,0.0119052456817,0.00107056949194,0.000110819868547,1.33696748236,2.38341052799,9.85124005233
237352.673106,5.37539412718,0.990551954467,0.00508069666207,2.81757935522e-05,2.99306143879e-06,-0.0068245490196,-0.00104239369839,-0.000107826807109,2.03347594553,2.95359866909,1.63908528882,0.69650846317,0.5701881411,-1.92896945633,0.0119052456817,0.00107056949194,0.000110819868547,1.33696748236,2.38341052799,9.85124005233
246010.955708,5.39095444815,0.989567103893,0.00475073771155,3.11873168368e-05,2.72768769542e-06,-0.00715450797011,-0.00103938217511,-0.000108092180852,2.03305805942,2.98582900274,1.64141968365,0.696090577058,0.602418474754,-1.9266350615,0.0119052456817,0.00107056949194,0.000110819868547,1.33696748236,2.38341052799,9.85124005233
254944.893307,5.40644631722,0.988479545791,0.00442042917072,3.43049084877e-05,2.39494218973e-06,-0.00748481651094,-0.00103626458346,-0.000108424926358,2.03295524899,2.99711299299,1.64061022306,0.695987766628,0.613702465004,-1.92744452209,0.0119052456817,0.00107056949194,0.000110819868547,1.33696748236,2.38341052799,9.85124005233
264177.912898,5.42189650477,0.987278569056,0.00410931739195,3.64940480894e-05,2.0196665803e-06,-0.00779592828971,-0.00103407544385,-0.000108800201967,2.0330178898,3.00715348488,1.64097242598,0.696050407439,0.623742956893,-1.92708231917,0.0119052456817,0.00107056949194,0.000110819868547,1.33696748236,2.38341052799,9.85124005233
273735.145998,5.43733056187,0.985952345551,0.00379626573148,3.78007120719e-05,1.61716760872e-06,-0.00810897995018,-0.00103276877987,-0.000109202700939,2.03302825275,3.01694113586,1.6424123982,0.696060770386,0.633530607877,-1.92564234696,0.0119052456817,0.00107056949194,0.000110819868547,1.33696748236,2.38341052799,9.85124005233
283648.184651,5.45278000842,0.984487813614,0.00347508127199,3.83035491886e-05,1.20339985139e-06,-0.00843016440968,-0.00103226594275,-0.000109616468696,2.03298402597,3.02575835373,1.64530058732,0.69601654361,0.642347825741,-1.92275415783,0.0119052456817,0.00107056949194,0.000110819868547,1.33696748236,2.38341052799,9.85124005233
293955.251664,5.46828122349,0.982870549415,0.00315489420859,3.81936960915e-05,7.97239199067e-07,-0.00875035147307,-0.00103237579585,-0.000110022629348,2.03291575498,3.03189124459,1.65415463009,0.695948272618,0.648480716601,-1.91390011506,0.0119052456817,0.00107056949194,0.000110819868547,1.33696748236,2.38341052799,9.85124005233
304698.412345,5.4838701913,0.9810846249,0.00285096394125,3.76408748087e-05,4.16434911293e-07,-0.00905428174042,-0.00103292861713,-0.000110403433636,2.03285281375,3.03475405659,1.68318807259,0.695885331388,0.651343528602,-1.88486667256,0.0119052456817,0.00107056949194,0.000110819868547,1.33696748236,2.38341052799,9.85124005233
315920.955016,5.49957843359,0.979112450918,0.00257596751926,3.67373521352e-05,7.76104574804e-08,-0.0093292781624,-0.00103383213981,-0.00011074225809,2.03283202402,3.03565188003,1.97248867356,0.695864541656,0.652241352037,-1.59556607159,0.0119052456817,0.00107056949194,0.000110819868547,1.33696748236,2.38341052799,9.85124005233
327664.167814,5.51542895108,0.976934603993,0.00232951263436,3.54486618451e-05,2.26471579751e-07,-0.00957573304731,-0.0010351208301,-0.000110593396968,2.03285523486,3.03714235971,4.64480977436,0.695887752503,0.653731831721,1.07675502921,0.0119052456817,0.00107056949194,0.000110819868547,1.33696748236,2.38341052799,9.85124005233
339970.622568,5.53144139055,0.974529635023,0.00209828457474,3.38446856822e-05,4.77806104438e-07,-0.00980696110693,-0.00103672480626,-0.000110342062443,2.03278717322,3.03832512275,4.70465314322,0.695819690861,0.654914594761,1.13659839807,0.0119052456817,0.00107056949194,0.000110819868547,1.33696748236,2.38341052799,9.85124005233
352884.332621,5.54763237696,0.971873858036,0.00189928386225,3.23000109372e-05,6.83343461563e-07,-0.0100059618194,-0.00103826948101,-0.000110136525086,2.03274602114,3.03682371298,4.71638396262,0.695778538776,0.653413184995,1.14832921747,0.0119052456817,0.00107056949194,0.000110819868547,1.33696748236,2.38341052799,9.85124005233
366436.71985,5.56399898691,0.968941116909,0.00173970738381,3.07990642183e-05,8.45622158029e-07,-0.0101655382979,-0.00103977042772,-0.000109974246389,2.03281991423,3.03627049786,4.72325875329,0.695852431866,0.65285996987,1.15520400814,0.0119052456817,0.00107056949194,0.000110819868547,1.33696748236,2.38341052799,9.85124005233
380654.228159,5.58053065813,0.965702527767,0.00158740391352,2.90842575172e-05,9.6993719891e-07,-0.0103178417681,-0.00104148523443,-0.000109849931348,2.03279387343,3.03737780071,4.72833817046,0.695826391065,0.653967272719,1.16028342531,0.0119052456817,0.00107056949194,0.000110819868547,1.33696748236,2.38341052799,9.85124005233
395570.739185,5.59722415886,0.962126194507,0.00144887301933,2.7453540371e-05,1.06192142579e-06,-0.0104563726623,-0.00104311595157,-0.000109757947122,2.0327444411,3.03659359725,4.7291927839,0.695776958738,0.653183069259,1.16113803875,0.0119052456817,0.00107056949194,0.000110819868547,1.33696748236,2.38341052799,9.85124005233
411207.10459,5.61406060953,0.958176894666,0.00133918573014,2.60382033184e-05,1.1283955838e-06,-0.0105660599515,-0.00104453128862,-0.000109691472964,2.03278978548,3.035945321,4.73002228572,0.69582230312,0.65253479301,1.16196754057,0.0119052456817,0.00107056949194,0.000110819868547,1.33696748236,2.38341052799,9.85124005233
427574.8238,5.63101212543,0.95381573252,0.00123494096238,2.45389620794e-05,1.17004561503e-06,-0.0106703047193,-0.00104603052986,-0.000109649822932,2.03279960768,3.03676113108,4.7318382212,0.695832125319,0.653350603092,1.16378347605,0.0119052456817,0.00107056949194,0.000110819868547,1.33696748236,2.38341052799,9.85124005233
444698.680285,5.64806584061,0.94899975601,0.00112958729581,2.29540343832e-05,1.18787608318e-06,-0.0107756583859,-0.00104761545756,-0.000109631992464,2.03278369578,3.03728428665,4.73286460099,0.695816213417,0.653873758666,1.16480985583,0.0119052456817,0.00107056949194,0.000110819868547,1.33696748236,2.38341052799,9.85124005233
462612.935806,5.66521777256,0.943681533718,0.0010286701412,2.1342087214e-05,1.1846635429e-06,-0.0108765755405,-0.00104922740473,-0.000109635205004,2.03278991073,3.03793438014,4.7338827157,0.695822428368,0.654523852152,1.16582797055,0.0119052456817,0.00107056949194,0.000110819868547,1.33696748236,2.38341052799,9.85124005233
481367.139243,5.68247643963,0.937808687726,0.000926963498498,1.96233465042e-05,1.15923799274e-06,-0.0109782821832,-0.00105094614544,-0.000109660630555,2.03277707318,3.03884764378,4.73497923978,0.695809590822,0.655437115789,1.16692449463,0.0119052456817,0.00107056949194,0.000110819868547,1.33696748236,2.38341052799,9.85124005233
501031.24347,5.69986480859,0.931323377756,0.000828990130789,1.78999274723e-05,1.11625553538e-06,-0.0110762555509,-0.00105266956447,-0.000109703613012,2.03276471445,3.03932922261,4.73551908943,0.695797232085,0.655918694618,1.16746434428,0.0119052456817,0.00107056949194,0.000110819868547,1.33696748236,2.38341052799,9.85124005233
521679.959755,5.7174041537,0.92416173152,0.000738493024205,1.62301718561e-05,1.06066698152e-06,-0.0111667526575,-0.00105433932009,-0.000109759201566,2.03276792052,3.03987561358,4.73609354304,0.695800438162,0.656465085591,1.16803879789,0.0119052456817,0.00107056949194,0.000110819868547,1.33696748236,2.38341052799,9.85124005233
543399.631262,5.73511933938,0.916253215649,0.000650950094512,1.45488353146e-05,9.91839115329e-07,-0.0112542955872,-0.00105602065663,-0.000109828029432,2.03275822335,3.04055871392,4.73674411174,0.695790740992,0.657148185933,1.16868936659,0.0119052456817,0.00107056949194,0.000110819868547,1.33696748236,2.38341052799,9.85124005233
566294.580103,5.7530424051,0.907519941034,0.000569200528475,1.29297056977e-05,9.1487941174e-07,-0.0113360451532,-0.00105763978625,-0.000109904989136,2.03274887162,3.04092228388,4.73703773415,0.695781389258,0.657511755896,1.16898298899,0.0119052456817,0.00107056949194,0.000110819868547,1.33696748236,2.38341052799,9.85124005233
590477.283005,5.77120319398,0.897875895711,0.000495483928776,1.14201555695e-05,8.34613709879e-07,-0.0114097617529,-0.00105914933637,-0.000109985254838,2.03274548492,3.04121489632,4.73727689783,0.695778002555,0.65780436833,1.16922215268,0.0119052456817,0.00107056949194,0.000110819868547,1.33696748236,2.38341052799,9.85124005233
616071.527416,5.78963113775,0.88722609775,0.000428672329437,1.00119939599e-05,7.5282810111e-07,-0.0114765733522,-0.00106055749798,-0.000110067040446,2.0327392814,3.04148865517,4.73744567126,0.695771799044,0.658078127185,1.16939092611,0.0119052456817,0.00107056949194,0.000110819868547,1.33696748236,2.38341052799,9.85124005233
643206.76659,5.80835060458,0.875465659797,0.000369387774699,8.73073367873e-06,6.72921988606e-07,-0.011535857907,-0.00106183875826,-0.000110146946559,2.03273712848,3.04165372174,4.73757663169,0.695769646117,0.658243193749,1.16952188654,0.0119052456817,0.00107056949194,0.000110819868547,1.33696748236,2.38341052799,9.85124005233
672024.47597,5.82738509089,0.862478756072,0.000316171190673,7.55394157618e-06,5.95022907955e-07,-0.011589074491,-0.00106301555037,-0.000110224845639,2.03273455651,3.04185138927,4.73774748423,0.695767074153,0.658440861283,1.16969273908,0.0119052456817,0.00107056949194,0.000110819868547,1.33696748236,2.38341052799,9.85124005233
702693.877258,5.84676616944,0.848137481618,0.000268114946542,6.47012960141e-06,5.19926719244e-07,-0.0116371307351,-0.00106409936234,-0.000110299941828,2.03272986459,3.04204229545,4.73730471994,0.695762382228,0.658631767457,1.16924997478,0.0119052456817,0.00107056949194,0.000110819868547,1.33696748236,2.38341052799,9.85124005233
735411.83621,5.86653061542,0.832300592601,0.000225812006848,5.5003628148e-06,4.49337390302e-07,-0.0116794336748,-0.00106506912913,-0.000110370531157,2.03272562243,3.04207146478,4.73965330902,0.69575814007,0.658660936791,1.17159856386,0.0119052456817,0.00107056949194,0.000110819868547,1.33696748236,2.38341052799,9.85124005233
770402.104339,5.88671746039,0.814812115233,0.000189115761774,4.6405447731e-06,3.85401185177e-07,-0.0117161299199,-0.00106592894717,-0.000110434467362,2.03272896084,3.04236204391,4.73239105959,0.69576147848,0.658951515922,1.16433631443,0.0119052456817,0.00107056949194,0.000110819868547,1.33696748236,2.38341052799,9.85124005233
807950.719539,5.90738487206,0.795499809618,0.000155420352913,3.84957111139e-06,3.23138000629e-07,-0.0117498253287,-0.00106671992083,-0.000110496730547,2.03271725337,3.04199418458,4.75127218055,0.695749771008,0.658583656595,1.1832174354,0.0119052456817,0.00107056949194,0.000110819868547,1.33696748236,2.38341052799,9.85124005233
848420.167213,5.92861098328,0.77417347341,0.000127207778046,3.16195634375e-06,2.70562398691e-07,-0.0117780379036,-0.0010674075356,-0.000110549306149,2.0327234325,3.04311665186,4.71015000681,0.69575595014,0.659706123877,1.14209526166,0.0119052456817,0.00107056949194,0.000110819868547,1.33696748236,2.38341052799,9.85124005233
892176.682103,5.95045086835,0.750623068545,0.000104042234085,2.61587621971e-06,2.23159514049e-07,-0.0118012034476,-0.00106795361572,-0.000110596709033,2.03270886684,3.04089559836,4.78733912161,0.695741384483,0.657485070368,1.21928437646,0.0119052456817,0.00107056949194,0.000110819868547,1.33696748236,2.38341052799,9.85124005233
939681.995389,5.97298090571,0.724616652634,8.37245554489e-05,2.09327146039e-06,1.84198506338e-07,-0.0118215211262,-0.00106847622048,-0.000110635670041,2.03272604873,3.04469463236,4.66121707425,0.69575856637,0.66128410437,1.0931623291,0.0119052456817,0.00107056949194,0.000110819868547,1.33696748236,2.38341052799,9.85124005233
991393.028331,5.99624586054,0.695898094614,6.94203719558e-05,1.76604326237e-06,1.51832120782e-07,-0.0118358253097,-0.00106880344868,-0.000110668036427,2.03268832463,3.03892486194,4.84219277327,0.695720842272,0.655514333954,1.27413802812,0.0119052456817,0.00107056949194,0.000110819868547,1.33696748236,2.38341052799,9.85124005233
1047563.67574,6.02018043086,0.664184552171,5.96360416357e-05,1.48696048276e-06,1.3285310845e-07,-0.01184560964,-0.00106908253146,-0.000110687015439,2.03274279778,3.04579994336,4.61362748058,0.695775315423,0.66238941537,1.04557273543,0.0119052456817,0.00107056949194,0.000110819868547,1.33696748236,2.38341052799,9.85124005233
1108441.37562,6.04471272865,0.629163686097,5.05414065958e-05,1.2885315803e-06,1.1069278331e-07,-0.0118547042751,-0.00106928096036,-0.000110709175764,2.032687201,3.03756765922,4.88321071682,0.695719718639,0.654157131235,1.31515597167,0.0119052456817,0.00107056949194,0.000110819868547,1.33696748236,2.38341052799,9.85124005233
1174468.02471,6.06984119746,0.59049058413,4.17383457434e-05,1.03761015238e-06,9.37355441689e-08,-0.0118635073359,-0.00106953188179,-0.000110726133003,2.03274879004,3.04689423991,4.5810479583,0.69578130768,0.663483711926,1.01299321314,0.0119052456817,0.00107056949194,0.000110819868547,1.33696748236,2.38341052799,9.85124005233
1246284.92234,6.09561734092,0.547784364001,3.37953146999e-05,8.62117720919e-07,7.44056998824e-08,-0.011871450367,-0.00106970737422,-0.000110745462848,2.03268629775,3.037450778,4.88213583916,0.695718815393,0.654040250011,1.31408109401,0.0119052456817,0.00107056949194,0.000110819868547,1.33696748236,2.38341052799,9.85124005233
1324690.29475,6.1221143545,0.500624422207,2.71055455478e-05,6.7878436484e-07,5.97233198976e-08,-0.0118781401361,-0.00106989070758,-0.000110760145227,2.03272599237,3.04457256733,4.66023343201,0.695758510009,0.661162039338,1.09217868686,0.0119052456817,0.00107056949194,0.000110819868547,1.33696748236,2.38341052799,9.85124005233
1410588.19669,6.1494002455,0.448546291591,2.16024512198e-05,5.43325725715e-07,4.76664346948e-08,-0.0118836432304,-0.00107002616622,-0.000110772202113,2.03272096405,3.04200538031,4.72433559329,0.695753481685,0.658594852325,1.15628084813,0.0119052456817,0.00107056949194,0.000110819868547,1.33696748236,2.38341052799,9.85124005233
1504992.68802,6.17753438992,0.391037066912,1.69086057712e-05,4.26668548703e-07,3.69818267383e-08,-0.0118883370759,-0.00107014282339,-0.000110782886721,2.03270789223,3.04057024917,4.77661929786,0.695740409868,0.657159721186,1.20856455271,0.0119052456817,0.00107056949194,0.000110819868547,1.33696748236,2.38341052799,9.85124005233
1609306.73146,6.20663882787,0.327530353364,1.25167388222e-05,3.15966205443e-07,2.68714227878e-08,-0.0118927289428,-0.00107025352574,-0.000110792997125,2.03268619711,3.04113153912,4.78883633214,0.695718714747,0.657721011135,1.22078158699,0.0119052456817,0.00107056949194,0.000110819868547,1.33696748236,2.38341052799,9.85124005233
1725509.57949,6.2369173747,0.257400688285,8.87666063722e-06,2.18992986331e-07,2.01909503843e-08,-0.011896369021,-0.00107035049896,-0.000110799677597,2.03272996908,3.04767700877,4.54722360633,0.695762486721,0.664266480786,0.979168861175,0.0119052456817,0.00107056949194,0.000110819868547,1.33696748236,2.38341052799,9.85124005233
1855584.66347,6.26848077439,0.179957381123,6.3719912817e-06,1.62988051213e-07,1.35078723084e-08,-0.0118988736904,-0.00107040650389,-0.000110806360675,2.03257665449,3.03647063929,5.00413437386,0.695609172125,0.653060111303,1.43607962871,0.0119052456817,0.00107056949194,0.000110819868547,1.33696748236,2.38341052799,9.85124005233
2001166.47307,6.30128321824,0.09443771099,4.5029774566e-06,1.10094916283e-07,1.0547359174e-08,-0.0119007427042,-0.00107045939703,-0.000110809321188,2.03308276149,3.04041792116,4.57163253499,0.696115279128,0.657007393177,1.00357778983,0.0119052456817,0.00107056949194,0.000110819868547,1.33696748236,2.38341052799,9.85124005233
